Observation_ID,Date,Year,Day_of_year,Time,Bird_ID,Observer,Sex,Plumage_score,Plumage_group,Age,Age_exact,Alarm_calling,Allopreening,Calling,Chasing,Chipping,Courtship,Flying,Foraging,Other,Preening,Scolding,Singing,Sitting,U,Vocalizing,Observation_time,Alarm_calling_prop,Allopreening_prop,Chasing_prop,Courtship_prop,Flying_prop,Foraging_prop,Other_prop,Preening_prop,Sitting_prop,Vocalizing_prop
FFD001,2016-06-24,2016,176,925,X05,FFD,M,100,BRIGHT,4,exact,0,0,NA,0,NA,0,6,101,0,0,NA,NA,21,172,0,300,0,0,0,0,0.046875,0.7890625,0,0,0.1640625,0
FFD002,2016-06-24,2016,176,1000,U07,FFD,M,100,BRIGHT,4,min,0,75,NA,0,NA,0,8,45,0,43,NA,NA,29,100,0,300,0,0.375,0,0,0.04,0.225,0,0.215,0.145,0
FFD006,2016-06-23,2016,175,911,Q08,FFD,M,0,DULL,2,exact,0,0,NA,0,NA,0,4,247,0,0,NA,NA,0,47,2,300,0,0,0,0,0.015810276679841896,0.9762845849802372,0,0,0,0.007905138339920948
FFD007,2016-06-23,2016,175,800,J02,FFD,M,0,DULL,3,min,0,0,NA,0,NA,0,5,161,0,0,NA,NA,44,87,3,300,0,0,0,0,0.023474178403755867,0.755868544600939,0,0,0.20657276995305165,0.014084507042253521
FFD010,2016-06-24,2016,176,1150,X07,FFD,M,0,DULL,2,exact,0,0,NA,0,NA,0,21,49,0,17,NA,NA,73,137,3,300,0,0,0,0,0.12883435582822086,0.3006134969325153,0,0.10429447852760736,0.44785276073619634,0.018404907975460124
FFD011,2016-06-24,2016,176,1237,T01,FFD,M,100,BRIGHT,3,exact,0,8,NA,0,NA,0,1,49,0,107,NA,NA,15,120,0,300,0,0.044444444444444446,0,0,0.005555555555555556,0.2722222222222222,0,0.5944444444444444,0.08333333333333333,0
FFD014,2016-06-26,2016,178,1245,M04,FFD,M,0,DULL,2,min,0,0,NA,0,NA,0,2,224,0,4,NA,NA,6,59,5,300,0,0,0,0,0.008298755186721992,0.9294605809128631,0,0.016597510373443983,0.024896265560165973,0.02074688796680498
FFD019,2016-06-28,2016,180,1150,U03,FFD,M,0,DULL,2,min,0,0,NA,0,NA,0,2,163,0,0,NA,NA,0,134,1,300,0,0,0,0,0.012048192771084338,0.9819277108433735,0,0,0,0.006024096385542169
ITR001,2016-06-23,2016,175,1023,D01,ITR,M,0,DULL,2,exact,0,0,NA,0,NA,0,6,0,0,0,NA,NA,173,119,2,300,0,0,0,0,0.03314917127071823,0,0,0,0.9558011049723757,0.011049723756906077
SMT001,2016-06-21,2016,173,647,C04,SMT,M,0,DULL,2,exact,0,0,NA,0,NA,0,13,0,0,0,NA,NA,161,117,9,300,0,0,0,0,0.07103825136612021,0,0,0,0.8797814207650273,0.04918032786885246
FFD020,2016-06-29,2016,181,730,W04,FFD,M,0,DULL,1,exact,0,0,NA,0,NA,0,4,143,0,0,NA,NA,5,148,0,300,0,0,0,0,0.02631578947368421,0.9407894736842105,0,0,0.03289473684210526,0
FFD021,2016-06-29,2016,181,752,A10,FFD,M,40,MOULT,3,exact,0,0,NA,0,NA,0,5,140,0,0,NA,NA,23,129,3,300,0,0,0,0,0.029239766081871343,0.8187134502923976,0,0,0.13450292397660818,0.017543859649122806
FFD024,2016-06-29,2016,181,931,P03,FFD,M,0,DULL,3,exact,0,0,NA,0,NA,0,2,211,0,0,NA,NA,16,68,3,300,0,0,0,0,0.008620689655172414,0.9094827586206896,0,0,0.06896551724137931,0.01293103448275862
FFD025,2016-07-01,2016,183,714,C04,FFD,M,0,DULL,2,exact,0,0,NA,0,NA,0,5,127,0,0,NA,NA,0,168,0,300,0,0,0,0,0.03787878787878788,0.9621212121212122,0,0,0,0
FFD026,2016-07-01,2016,183,736,R09,FFD,M,0,DULL,2,exact,0,0,NA,0,NA,0,4,97,0,0,NA,NA,18,180,1,300,0,0,0,0,0.03333333333333333,0.8083333333333333,0,0,0.15,0.008333333333333333
FFD028,2016-07-01,2016,183,845,R09,FFD,M,0,DULL,2,exact,0,0,NA,0,NA,0,25,192,0,17,NA,NA,10,56,0,300,0,0,0,0,0.10245901639344263,0.7868852459016393,0,0.06967213114754098,0.040983606557377046,0
SMT017,2016-06-26,2016,178,1445,V09,SMT,M,100,BRIGHT,5,min,2,0,NA,0,NA,0,10,0,0,0,NA,NA,173,115,0,300,0.010810810810810811,0,0,0,0.05405405405405406,0,0,0,0.9351351351351351,0
SMT022,2016-07-02,2016,184,751,Q02,SMT,M,0,DULL,2,exact,0,0,NA,0,NA,0,2,193,0,0,NA,NA,0,105,0,300,0,0,0,0,0.010256410256410256,0.9897435897435898,0,0,0,0
FFD033,2016-07-02,2016,184,752,H05,FFD,M,0,DULL,3,exact,0,0,NA,0,NA,0,9,35,0,9,NA,NA,116,130,1,300,0,0,0,0,0.052941176470588235,0.20588235294117646,0,0.052941176470588235,0.6823529411764706,0.0058823529411764705
SMT033,2016-06-29,2016,181,1136,U07,SMT,M,100,BRIGHT,4,min,0,0,NA,0,NA,0,6,126,0,0,NA,NA,51,115,2,300,0,0,0,0,0.032432432432432434,0.6810810810810811,0,0,0.2756756756756757,0.010810810810810811
FFD035,2016-07-03,2016,185,1033,Y04,FFD,M,0,DULL,2,exact,0,0,NA,0,NA,0,2,123,0,0,NA,NA,0,171,4,300,0,0,0,0,0.015503875968992248,0.9534883720930233,0,0,0,0.031007751937984496
FFD037,2016-07-03,2016,185,1115,X03,FFD,M,0,DULL,2,exact,0,0,NA,0,NA,0,3,125,0,0,NA,NA,0,172,0,300,0,0,0,0,0.0234375,0.9765625,0,0,0,0
FFD040,2016-07-04,2016,186,846,O02,FFD,M,0,DULL,2,exact,0,0,NA,0,NA,0,11,186,0,0,NA,NA,45,57,1,300,0,0,0,0,0.04526748971193416,0.7654320987654321,0,0,0.18518518518518517,0.00411522633744856
FFD041,2016-07-04,2016,186,937,B07,FFD,M,0,DULL,2,exact,0,0,NA,0,NA,0,8,135,0,0,NA,NA,11,146,0,300,0,0,0,0,0.05194805194805195,0.8766233766233766,0,0,0.07142857142857142,0
FFD042,2016-07-04,2016,186,1015,S06,FFD,M,0,DULL,2,exact,0,0,NA,0,NA,0,5,113,0,0,NA,NA,17,165,0,300,0,0,0,0,0.037037037037037035,0.837037037037037,0,0,0.1259259259259259,0
DEG002,2016-07-01,2016,183,838,U07,DEG,M,100,BRIGHT,4,min,0,0,NA,0,NA,0,11,3,0,0,NA,NA,137,149,0,300,0,0,0,0,0.0728476821192053,0.019867549668874173,0,0,0.9072847682119205,0
TCH005,2016-07-04,2016,186,830,O10,TCH,M,0,DULL,2,exact,0,0,NA,0,NA,0,14,27,0,0,NA,NA,149,109,1,300,0,0,0,0,0.07329842931937172,0.14136125654450263,0,0,0.7801047120418848,0.005235602094240838
SMT043,2016-07-06,2016,188,1203,D01,SMT,M,0,DULL,2,exact,2,0,NA,0,NA,0,2,0,0,0,NA,NA,142,152,2,300,0.013513513513513514,0,0,0,0.013513513513513514,0,0,0,0.9594594594594594,0.013513513513513514
FFD048,2016-07-08,2016,190,937,N05,FFD,M,0,DULL,2,exact,0,0,NA,0,NA,0,9,101,0,1,NA,NA,7,180,2,300,0,0,0,0,0.075,0.8416666666666667,0,0.008333333333333333,0.058333333333333334,0.016666666666666666
FFD049,2016-07-08,2016,190,1140,G09,FFD,M,0,DULL,3,min,0,0,NA,0,NA,0,13,75,0,0,NA,NA,25,174,13,300,0,0,0,0,0.10317460317460317,0.5952380952380952,0,0,0.1984126984126984,0.10317460317460317
TCH041,2016-07-08,2016,190,743,Q02,TCH,M,0,DULL,2,exact,0,0,NA,0,NA,0,1,167,0,0,NA,NA,0,131,1,300,0,0,0,0,0.005917159763313609,0.9881656804733728,0,0,0,0.005917159763313609
TCH011,2016-07-08,2016,190,1157,A10,TCH,M,95,BRIGHT,3,exact,0,0,NA,0,NA,0,17,70,0,3,NA,NA,57,153,0,300,0,0,0,0,0.11564625850340136,0.47619047619047616,0,0.02040816326530612,0.3877551020408163,0
FFD051,2016-07-10,2016,192,644,U04,FFD,M,0,DULL,3,min,0,0,NA,0,NA,0,5,134,0,0,NA,NA,2,158,1,300,0,0,0,0,0.035211267605633804,0.9436619718309859,0,0,0.014084507042253521,0.007042253521126761
FFD054,2016-07-10,2016,192,1019,Z10,FFD,M,0,DULL,3,exact,0,0,NA,0,NA,0,3,278,0,0,NA,NA,15,1,3,300,0,0,0,0,0.010033444816053512,0.9297658862876255,0,0,0.05016722408026756,0.010033444816053512
SMT054,2016-07-10,2016,192,1224,V03,SMT,M,0,DULL,2,exact,0,0,NA,0,NA,0,6,228,0,0,NA,NA,48,16,2,300,0,0,0,0,0.02112676056338028,0.8028169014084507,0,0,0.16901408450704225,0.007042253521126761
FFD055,2016-07-10,2016,192,1051,X04,FFD,M,0,DULL,2,exact,0,0,NA,0,NA,0,10,80,0,1,NA,NA,47,151,11,300,0,0,0,0,0.06711409395973154,0.5369127516778524,0,0.006711409395973154,0.31543624161073824,0.0738255033557047
TCH014,2016-07-11,2016,193,1136,Y04,TCH,M,0,DULL,2,exact,0,0,NA,0,NA,0,5,135,0,0,NA,NA,2,157,1,300,0,0,0,0,0.03496503496503497,0.9440559440559441,0,0,0.013986013986013986,0.006993006993006993
FFD057,2016-07-11,2016,193,1301,I02,FFD,M,0,DULL,2,exact,0,0,NA,0,NA,0,3,240,0,0,NA,NA,6,51,0,300,0,0,0,0,0.012048192771084338,0.963855421686747,0,0,0.024096385542168676,0
FFD059,2016-07-11,2016,193,1455,T01,FFD,M,100,BRIGHT,3,exact,0,0,NA,0,NA,2,8,164,0,11,NA,NA,25,90,0,300,0,0,0,0.009523809523809525,0.0380952380952381,0.780952380952381,0,0.05238095238095238,0.11904761904761904,0
SMT066,2016-07-12,2016,194,1135,N05,SMT,M,0,DULL,2,exact,0,0,NA,0,NA,0,12,63,0,16,NA,NA,122,82,5,300,0,0,0,0,0.05504587155963303,0.2889908256880734,0,0.07339449541284404,0.5596330275229358,0.022935779816513763
FFD061,2016-07-12,2016,194,823,D08,FFD,M,20,DULL,4,exact,0,0,NA,0,NA,0,10,154,0,7,NA,NA,23,98,8,300,0,0,0,0,0.04950495049504951,0.7623762376237624,0,0.034653465346534656,0.11386138613861387,0.039603960396039604
FFD063,2016-07-12,2016,194,1023,J05,FFD,M,15,DULL,5,exact,0,0,NA,0,NA,0,6,74,0,0,NA,NA,40,176,4,300,0,0,0,0,0.04838709677419355,0.5967741935483871,0,0,0.3225806451612903,0.03225806451612903
FFD065,2016-07-12,2016,194,1134,L10,FFD,M,0,DULL,2,exact,0,0,NA,0,NA,0,3,96,0,0,NA,NA,51,150,0,300,0,0,0,0,0.02,0.64,0,0,0.34,0
SMT068,2016-07-13,2016,195,848,U04,SMT,M,0,DULL,3,min,0,0,NA,0,NA,0,11,14,0,9,NA,NA,213,53,0,300,0,0,0,0,0.044534412955465584,0.05668016194331984,0,0.03643724696356275,0.8623481781376519,0
SMT070,2016-07-13,2016,195,1110,J05,SMT,M,15,DULL,5,exact,4,0,NA,0,NA,0,12,84,0,9,NA,NA,143,30,18,300,0.014814814814814815,0,0,0,0.044444444444444446,0.3111111111111111,0,0.03333333333333333,0.5296296296296297,0.06666666666666667
FFD066,2016-07-13,2016,195,836,Q05,FFD,M,0,DULL,2,exact,0,0,NA,0,NA,0,3,208,0,0,NA,NA,0,89,0,300,0,0,0,0,0.014218009478672985,0.985781990521327,0,0,0,0
FFD068,2016-07-13,2016,195,1017,A01,FFD,M,0,DULL,2,exact,0,0,NA,0,NA,0,2,128,0,0,NA,NA,5,165,0,300,0,0,0,0,0.014814814814814815,0.9481481481481482,0,0,0.037037037037037035,0
FFD069,2016-07-13,2016,195,1102,P03,FFD,M,0,DULL,3,exact,0,0,NA,0,NA,0,2,176,0,0,NA,NA,1,121,0,300,0,0,0,0,0.0111731843575419,0.9832402234636871,0,0,0.00558659217877095,0
TCH017,2016-07-13,2016,195,1253,Q10,TCH,M,0,DULL,4,min,0,0,NA,0,NA,0,4,176,0,0,NA,NA,81,7,32,300,0,0,0,0,0.013651877133105802,0.6006825938566553,0,0,0.2764505119453925,0.10921501706484642
ITR019,2016-07-06,2016,188,826,U07,ITR,M,100,BRIGHT,4,min,0,0,NA,0,NA,0,19,53,0,0,NA,NA,84,144,0,300,0,0,0,0,0.12179487179487179,0.33974358974358976,0,0,0.5384615384615384,0
TCH018,2016-07-14,2016,196,710,U03,TCH,M,0,DULL,2,min,0,0,NA,0,NA,0,6,138,0,0,NA,NA,13,141,2,300,0,0,0,0,0.03773584905660377,0.8679245283018868,0,0,0.08176100628930817,0.012578616352201259
FFD070,2016-07-15,2016,197,940,F01,FFD,M,1,DULL,2,exact,0,0,NA,0,NA,0,2,156,0,0,NA,NA,0,142,0,300,0,0,0,0,0.012658227848101266,0.9873417721518988,0,0,0,0
FFD074,2016-07-16,2016,198,1141,N04,FFD,M,0,DULL,2,min,0,0,NA,0,NA,0,2,132,0,0,NA,NA,5,161,0,300,0,0,0,0,0.014388489208633094,0.9496402877697842,0,0,0.03597122302158273,0
FFD075,2016-07-16,2016,198,1151,K04,FFD,M,100,BRIGHT,5,min,0,0,NA,0,NA,1,10,37,0,32,NA,NA,105,112,3,300,0,0,0,0.005319148936170213,0.05319148936170213,0.19680851063829788,0,0.1702127659574468,0.5585106382978723,0.015957446808510637
SMT080,2016-07-15,2016,197,1218,D08,SMT,M,25,MOULT,4,exact,0,0,NA,0,NA,0,5,0,0,91,NA,NA,69,135,0,300,0,0,0,0,0.030303030303030304,0,0,0.5515151515151515,0.41818181818181815,0
SMT082,2016-07-16,2016,198,928,H05,SMT,M,0,DULL,3,exact,0,0,NA,0,NA,0,8,45,0,0,NA,NA,85,161,1,300,0,0,0,0,0.05755395683453238,0.3237410071942446,0,0,0.6115107913669064,0.007194244604316547
FFD077,2016-07-16,2016,198,1045,T08,FFD,M,0,DULL,4,exact,0,0,NA,0,NA,0,6,128,0,2,NA,NA,2,162,0,300,0,0,0,0,0.043478260869565216,0.927536231884058,0,0.014492753623188406,0.014492753623188406,0
SMT086,2016-07-17,2016,199,1058,Y08,SMT,M,0,DULL,2,exact,0,0,NA,0,NA,0,26,54,0,4,NA,NA,38,175,3,300,0,0,0,0,0.208,0.432,0,0.032,0.304,0.024
FFD078,2016-07-17,2016,199,640,R09,FFD,M,0,DULL,2,exact,0,0,NA,0,NA,0,7,104,0,0,NA,NA,30,156,3,300,0,0,0,0,0.04861111111111111,0.7222222222222222,0,0,0.20833333333333334,0.020833333333333332
TCH022,2016-07-17,2016,199,906,N05,TCH,M,0,DULL,2,exact,0,0,NA,0,NA,0,8,142,0,0,NA,NA,11,139,0,300,0,0,0,0,0.049689440993788817,0.8819875776397516,0,0,0.06832298136645963,0
FFD079,2016-07-17,2016,199,1051,D08,FFD,M,35,MOULT,4,exact,0,0,NA,0,NA,0,16,107,0,28,NA,NA,44,104,1,300,0,0,0,0,0.08163265306122448,0.5459183673469388,0,0.14285714285714285,0.22448979591836735,0.00510204081632653
FFD080,2016-07-17,2016,199,925,Q10,FFD,M,0,DULL,4,min,0,0,NA,0,NA,0,4,116,0,0,NA,NA,39,140,1,300,0,0,0,0,0.025,0.725,0,0,0.24375,0.00625
FFD081,2016-07-17,2016,199,945,A10,FFD,M,95,BRIGHT,3,exact,0,0,NA,0,NA,1,9,117,0,0,NA,NA,23,150,0,300,0,0,0,0.006666666666666667,0.06,0.78,0,0,0.15333333333333332,0
FFD082,2016-07-17,2016,199,958,X06,FFD,M,0,DULL,2,exact,0,0,NA,0,NA,0,3,118,0,0,NA,NA,111,64,4,300,0,0,0,0,0.012711864406779662,0.5,0,0,0.4703389830508475,0.01694915254237288
FFD084,2016-07-17,2016,199,655,C04,FFD,M,0,DULL,2,exact,0,0,NA,0,NA,0,11,94,0,4,NA,NA,57,134,0,300,0,0,0,0,0.06626506024096386,0.5662650602409639,0,0.024096385542168676,0.3433734939759036,0
FFD085,2016-07-17,2016,199,722,U07,FFD,M,100,BRIGHT,4,min,0,0,NA,0,NA,0,8,267,0,0,NA,NA,3,22,0,300,0,0,0,0,0.02877697841726619,0.960431654676259,0,0,0.01079136690647482,0
FFD086,2016-07-17,2016,199,736,U03,FFD,M,0,DULL,2,min,0,0,NA,0,NA,0,11,39,0,26,NA,NA,129,95,0,300,0,0,0,0,0.05365853658536585,0.1902439024390244,0,0.12682926829268293,0.6292682926829268,0
FFD087,2016-07-17,2016,199,742,X05,FFD,M,100,BRIGHT,4,exact,0,0,NA,0,NA,0,5,154,0,0,NA,NA,42,99,0,300,0,0,0,0,0.024875621890547265,0.7661691542288557,0,0,0.208955223880597,0
FFD088,2016-07-17,2016,199,757,Q02,FFD,M,0,DULL,2,exact,0,0,NA,0,NA,0,13,38,0,0,NA,NA,71,177,1,300,0,0,0,0,0.10569105691056911,0.3089430894308943,0,0,0.5772357723577236,0.008130081300813009
FFD089,2016-07-17,2016,199,836,V03,FFD,M,0,DULL,2,exact,0,0,NA,0,NA,0,8,92,0,4,NA,NA,34,162,0,300,0,0,0,0,0.057971014492753624,0.6666666666666666,0,0.028985507246376812,0.2463768115942029,0
FFD090,2016-07-17,2016,199,853,G02,FFD,M,0,DULL,4,exact,0,0,NA,0,NA,0,14,153,0,0,NA,NA,46,87,0,300,0,0,0,0,0.06572769953051644,0.7183098591549296,0,0,0.215962441314554,0
FFD091,2016-07-19,2016,201,653,Q02,FFD,M,0,DULL,2,exact,0,0,NA,0,NA,0,7,5,0,0,NA,NA,106,179,3,300,0,0,0,0,0.05785123966942149,0.04132231404958678,0,0,0.8760330578512396,0.024793388429752067
FFD092,2016-07-19,2016,201,709,V03,FFD,M,0,DULL,2,exact,0,0,NA,0,NA,0,7,126,0,0,NA,NA,33,134,0,300,0,0,0,0,0.04216867469879518,0.7590361445783133,0,0,0.19879518072289157,0
FFD093,2016-07-19,2016,201,721,U03,FFD,M,0,DULL,2,min,0,0,NA,0,NA,0,6,206,0,0,NA,NA,40,48,0,300,0,0,0,0,0.023809523809523808,0.8174603174603174,0,0,0.15873015873015872,0
FFD094,2016-07-19,2016,201,733,X05,FFD,M,100,BRIGHT,4,exact,0,0,NA,0,NA,121,6,52,0,31,NA,NA,61,28,1,300,0,0,0,0.44485294117647056,0.022058823529411766,0.19117647058823528,0,0.11397058823529412,0.22426470588235295,0.003676470588235294
TCH025,2016-07-19,2016,201,1251,A10,TCH,M,95,BRIGHT,3,exact,0,0,NA,0,NA,0,10,77,0,54,NA,NA,32,127,0,300,0,0,0,0,0.057803468208092484,0.44508670520231214,0,0.31213872832369943,0.18497109826589594,0
FFD097,2016-07-19,2016,201,759,U07,FFD,M,100,BRIGHT,4,min,0,0,NA,0,NA,105,6,8,0,44,NA,NA,19,118,0,300,0,0,0,0.5769230769230769,0.03296703296703297,0.04395604395604396,0,0.24175824175824176,0.1043956043956044,0
FFD098,2016-07-19,2016,201,820,G02,FFD,M,0,DULL,4,exact,0,0,NA,0,NA,0,8,95,0,0,NA,NA,99,98,0,300,0,0,0,0,0.039603960396039604,0.47029702970297027,0,0,0.4900990099009901,0
FFD100,2016-07-19,2016,201,1118,Q10,FFD,M,5,DULL,4,min,0,0,NA,0,NA,0,0,271,0,0,NA,NA,0,26,3,300,0,0,0,0,0,0.9890510948905109,0,0,0,0.010948905109489052
FFD101,2016-07-19,2016,201,1157,Q08,FFD,M,0,DULL,2,exact,0,12,NA,0,NA,0,9,61,0,10,NA,NA,81,126,1,300,0,0.06896551724137931,0,0,0.05172413793103448,0.3505747126436782,0,0.05747126436781609,0.46551724137931033,0.005747126436781609
TCH026,2016-07-20,2016,202,1143,O10,TCH,M,0,DULL,2,exact,0,0,NA,0,NA,0,14,119,0,1,NA,NA,45,121,0,300,0,0,0,0,0.0782122905027933,0.664804469273743,0,0.00558659217877095,0.25139664804469275,0
SMT094,2016-07-20,2016,202,1212,I10,SMT,M,0,DULL,2,exact,0,0,NA,0,NA,0,7,89,0,10,NA,NA,39,154,1,300,0,0,0,0,0.04794520547945205,0.6095890410958904,0,0.0684931506849315,0.2671232876712329,0.00684931506849315
SMT096,2016-07-19,2016,201,932,C03,SMT,M,0,DULL,3,min,0,0,NA,0,NA,0,9,195,0,2,NA,NA,56,36,2,300,0,0,0,0,0.03409090909090909,0.7386363636363636,0,0.007575757575757576,0.21212121212121213,0.007575757575757576
FFD102,2016-07-20,2016,202,651,L10,FFD,M,0,DULL,2,exact,0,0,NA,0,NA,0,4,239,0,0,NA,NA,44,8,5,300,0,0,0,0,0.0136986301369863,0.8184931506849316,0,0,0.1506849315068493,0.017123287671232876
FFD104,2016-07-20,2016,202,922,J05,FFD,M,40,MOULT,5,exact,0,0,NA,0,NA,0,19,54,0,0,NA,NA,88,132,7,300,0,0,0,0,0.1130952380952381,0.32142857142857145,0,0,0.5238095238095238,0.041666666666666664
DEG020,2016-07-14,2016,196,955,C03,DEG,M,0,DULL,3,min,0,0,NA,0,NA,0,2,0,0,17,NA,NA,124,154,3,300,0,0,0,0,0.0136986301369863,0,0,0.11643835616438356,0.8493150684931506,0.02054794520547945
FFD108,2016-07-20,2016,202,1121,B07,FFD,M,0,DULL,2,exact,0,0,NA,0,NA,0,4,134,0,0,NA,NA,65,93,4,300,0,0,0,0,0.01932367149758454,0.6473429951690821,0,0,0.3140096618357488,0.01932367149758454
FFD110,2016-07-20,2016,202,1232,N10,FFD,M,90,BRIGHT,3,exact,0,0,NA,0,NA,4,16,0,0,37,NA,NA,123,105,15,300,0,0,0,0.020512820512820513,0.08205128205128205,0,0,0.18974358974358974,0.6307692307692307,0.07692307692307693
FFD111,2016-07-20,2016,202,1243,V07,FFD,M,0,DULL,2,exact,0,0,NA,0,NA,0,5,171,0,0,NA,NA,25,79,20,300,0,0,0,0,0.02262443438914027,0.7737556561085973,0,0,0.11312217194570136,0.09049773755656108
FFD112,2016-07-21,2016,203,809,Q02,FFD,M,0,DULL,2,exact,0,0,NA,0,NA,0,2,116,0,0,NA,NA,11,171,0,300,0,0,0,0,0.015503875968992248,0.8992248062015504,0,0,0.08527131782945736,0
FFD113,2016-07-21,2016,203,908,C04,FFD,M,0,DULL,2,exact,0,0,NA,0,NA,0,6,24,0,39,NA,NA,60,168,3,300,0,0,0,0,0.045454545454545456,0.18181818181818182,0,0.29545454545454547,0.45454545454545453,0.022727272727272728
FFD116,2016-07-21,2016,203,1108,D08,FFD,M,60,MOULT,4,exact,0,0,NA,13,NA,0,11,71,0,33,NA,NA,156,13,3,300,0,0,0.04529616724738676,0,0.03832752613240418,0.24738675958188153,0,0.11498257839721254,0.5435540069686411,0.010452961672473868
TCH027,2016-07-21,2016,203,729,Z04,TCH,M,0,DULL,3,exact,0,29,NA,16,NA,0,3,92,0,6,NA,NA,5,149,0,300,0,0.19205298013245034,0.10596026490066225,0,0.019867549668874173,0.609271523178808,0,0.039735099337748346,0.033112582781456956,0
TCH028,2016-07-21,2016,203,748,X05,TCH,M,100,BRIGHT,4,exact,0,60,NA,0,NA,0,15,27,0,16,NA,NA,102,80,0,300,0,0.2727272727272727,0,0,0.06818181818181818,0.12272727272727273,0,0.07272727272727272,0.4636363636363636,0
FFD118,2016-07-21,2016,203,843,G09,FFD,M,0,DULL,3,min,0,0,NA,0,NA,0,10,95,0,19,NA,NA,63,113,0,300,0,0,0,0,0.053475935828877004,0.5080213903743316,0,0.10160427807486631,0.33689839572192515,0
FFD119,2016-07-21,2016,203,1139,Q10,FFD,M,5,DULL,4,min,0,0,NA,0,NA,0,0,159,0,0,NA,NA,0,140,1,300,0,0,0,0,0,0.99375,0,0,0,0.00625
TCH029,2016-07-19,2016,201,854,A02,TCH,M,0,DULL,2,exact,0,0,NA,0,NA,0,11,19,127,0,NA,NA,0,143,0,300,0,0,0,0,0.07006369426751592,0.12101910828025478,0.8089171974522293,0,0,0
FFD121,2016-07-22,2016,204,758,N10,FFD,M,90,BRIGHT,3,exact,0,0,NA,0,NA,18,11,122,0,29,NA,NA,80,26,14,300,0,0,0,0.06569343065693431,0.040145985401459854,0.44525547445255476,0,0.10583941605839416,0.291970802919708,0.051094890510948905
FFD124,2016-07-22,2016,204,1110,Q02,FFD,M,0,DULL,2,exact,0,0,NA,0,NA,0,5,168,0,50,NA,NA,44,33,0,300,0,0,0,0,0.018726591760299626,0.6292134831460674,0,0.18726591760299627,0.1647940074906367,0
FFD125,2016-07-22,2016,204,1124,U07,FFD,M,100,BRIGHT,4,min,0,0,NA,0,NA,75,4,0,0,25,NA,NA,88,79,29,300,0,0,0,0.3393665158371041,0.01809954751131222,0,0,0.11312217194570136,0.39819004524886875,0.13122171945701358
FFD126,2016-07-22,2016,204,1241,A10,FFD,M,98,BRIGHT,3,exact,0,25,NA,0,NA,3,5,101,0,22,NA,NA,66,78,0,300,0,0.11261261261261261,0,0.013513513513513514,0.02252252252252252,0.45495495495495497,0,0.0990990990990991,0.2972972972972973,0
TCH030,2016-07-22,2016,204,716,A10,TCH,M,100,BRIGHT,3,exact,0,126,NA,0,NA,0,3,59,0,31,NA,NA,24,57,0,300,0,0.5185185185185185,0,0,0.012345679012345678,0.24279835390946503,0,0.12757201646090535,0.09876543209876543,0
TCH031,2016-07-22,2016,204,741,T01,TCH,M,100,BRIGHT,3,exact,0,36,NA,0,NA,0,7,0,0,133,NA,NA,47,77,0,300,0,0.16143497757847533,0,0,0.03139013452914798,0,0,0.5964125560538116,0.21076233183856502,0
TCH032,2016-07-22,2016,204,1001,W04,TCH,M,0,DULL,1,exact,0,0,NA,0,NA,0,13,120,0,0,NA,NA,47,120,0,300,0,0,0,0,0.07222222222222222,0.6666666666666666,0,0,0.2611111111111111,0
FFD127,2016-07-22,2016,204,1036,Q10,FFD,M,5,DULL,4,min,0,0,NA,0,NA,0,4,274,0,1,NA,NA,11,10,0,300,0,0,0,0,0.013793103448275862,0.9448275862068966,0,0.0034482758620689655,0.03793103448275862,0
FFD128,2016-07-22,2016,204,1046,G02,FFD,M,0,DULL,4,exact,0,0,NA,0,NA,0,3,220,0,54,NA,NA,23,0,0,300,0,0,0,0,0.01,0.7333333333333333,0,0.18,0.07666666666666666,0
FFD129,2016-07-22,2016,204,1148,Z04,FFD,M,0,DULL,3,exact,0,83,NA,4,NA,0,6,8,0,42,NA,NA,112,39,6,300,0,0.31800766283524906,0.01532567049808429,0,0.022988505747126436,0.03065134099616858,0,0.16091954022988506,0.42911877394636017,0.022988505747126436
FFD130,2016-07-22,2016,204,1208,V03,FFD,M,0,DULL,2,exact,0,0,NA,0,NA,0,10,94,0,0,NA,NA,133,63,0,300,0,0,0,0,0.04219409282700422,0.39662447257383965,0,0,0.5611814345991561,0
FFD132,2016-07-23,2016,205,940,A01,FFD,M,0,DULL,2,exact,0,0,NA,0,NA,0,2,66,0,45,NA,NA,58,129,0,300,0,0,0,0,0.011695906432748537,0.38596491228070173,0,0.2631578947368421,0.3391812865497076,0
FFD134,2016-07-23,2016,205,1038,P03,FFD,M,1,DULL,3,exact,0,0,NA,0,NA,0,2,217,0,0,NA,NA,22,59,0,300,0,0,0,0,0.008298755186721992,0.9004149377593361,0,0,0.0912863070539419,0
FFD136,2016-07-23,2016,205,730,V07,FFD,M,0,DULL,2,exact,0,0,NA,0,NA,0,4,209,0,25,NA,NA,29,26,7,300,0,0,0,0,0.014598540145985401,0.7627737226277372,0,0.09124087591240876,0.10583941605839416,0.025547445255474453
FFD137,2016-07-23,2016,205,809,T06,FFD,M,5,DULL,3,min,0,0,NA,0,NA,0,4,65,0,0,NA,NA,49,177,5,300,0,0,0,0,0.032520325203252036,0.5284552845528455,0,0,0.3983739837398374,0.04065040650406504
TCH037,2016-07-24,2016,206,949,O10,TCH,M,0,DULL,2,exact,0,0,NA,0,NA,0,6,158,0,0,NA,NA,13,120,3,300,0,0,0,0,0.03333333333333333,0.8777777777777778,0,0,0.07222222222222222,0.016666666666666666
TCH038,2016-07-24,2016,206,1213,C04,TCH,M,0,DULL,2,exact,0,0,NA,0,NA,0,24,180,0,5,NA,NA,27,57,7,300,0,0,0,0,0.09876543209876543,0.7407407407407407,0,0.0205761316872428,0.1111111111111111,0.02880658436213992
FFD139,2016-07-24,2016,206,742,J05,FFD,M,45,MOULT,5,exact,0,0,NA,0,NA,0,6,40,0,8,NA,NA,82,161,3,300,0,0,0,0,0.04316546762589928,0.28776978417266186,0,0.05755395683453238,0.5899280575539568,0.02158273381294964
FFD141,2016-07-24,2016,206,1034,F01,FFD,M,2,DULL,2,exact,0,0,NA,0,NA,0,3,186,0,0,NA,NA,0,111,0,300,0,0,0,0,0.015873015873015872,0.9841269841269841,0,0,0,0
FFD142,2016-07-24,2016,206,1201,D08,FFD,M,70,MOULT,4,exact,0,0,NA,8,NA,0,12,67,0,3,NA,NA,127,83,0,300,0,0,0.03686635944700461,0,0.055299539170506916,0.3087557603686636,0,0.013824884792626729,0.5852534562211982,0
SMT108,2016-07-24,2016,206,1300,Q10,SMT,M,15,DULL,4,min,0,0,NA,0,NA,0,3,68,0,0,NA,NA,51,178,0,300,0,0,0,0,0.02459016393442623,0.5573770491803278,0,0,0.4180327868852459,0
EMR001,2016-07-25,2016,207,1045,U02,EMR,M,50,MOULT,3,exact,0,0,NA,0,NA,0,12,0,0,3,NA,NA,184,93,8,300,0,0,0,0,0.057971014492753624,0,0,0.014492753623188406,0.8888888888888888,0.03864734299516908
FFD143,2016-07-25,2016,207,729,X05,FFD,M,100,BRIGHT,4,exact,0,0,NA,0,NA,5,6,159,0,0,NA,NA,24,106,0,300,0,0,0,0.02577319587628866,0.030927835051546393,0.8195876288659794,0,0,0.12371134020618557,0
SMT114,2016-07-24,2016,206,801,N02,SMT,M,0,DULL,2,exact,0,0,NA,0,NA,0,19,40,0,0,NA,NA,68,155,18,300,0,0,0,0,0.1310344827586207,0.27586206896551724,0,0,0.4689655172413793,0.12413793103448276
FFD144,2016-07-25,2016,207,815,G02,FFD,M,1,DULL,4,exact,0,0,NA,0,NA,0,5,76,0,0,NA,NA,54,165,0,300,0,0,0,0,0.037037037037037035,0.562962962962963,0,0,0.4,0
FFD145,2016-07-25,2016,207,908,V03,FFD,M,0,DULL,2,exact,0,0,NA,0,NA,0,7,161,0,0,NA,NA,54,78,0,300,0,0,0,0,0.03153153153153153,0.7252252252252253,0,0,0.24324324324324326,0
FFD146,2016-07-25,2016,207,953,Z04,FFD,M,0,DULL,3,exact,0,0,NA,0,NA,0,8,180,0,0,NA,NA,62,48,2,300,0,0,0,0,0.031746031746031744,0.7142857142857143,0,0,0.24603174603174602,0.007936507936507936
FFD147,2016-07-25,2016,207,1011,P03,FFD,M,1,DULL,3,exact,0,0,NA,0,NA,0,3,170,0,0,NA,NA,22,105,0,300,0,0,0,0,0.015384615384615385,0.8717948717948718,0,0,0.11282051282051282,0
FFD148,2016-07-25,2016,207,1220,R09,FFD,M,0,DULL,2,exact,0,0,NA,0,NA,0,4,169,0,0,NA,NA,21,106,0,300,0,0,0,0,0.020618556701030927,0.8711340206185567,0,0,0.10824742268041238,0
FFD149,2016-07-25,2016,207,1235,C04,FFD,M,0,DULL,2,exact,0,0,NA,0,NA,0,6,13,0,30,NA,NA,172,79,0,300,0,0,0,0,0.027149321266968326,0.058823529411764705,0,0.13574660633484162,0.77828054298642535,0
TCH042,2016-07-25,2016,207,754,I02,TCH,M,0,DULL,2,exact,0,0,NA,0,NA,0,14,140,0,2,NA,NA,19,125,0,300,0,0,0,0,0.08,0.8,0,0.011428571428571429,0.10857142857142857,0
FFD151,2016-07-25,2016,207,709,U03,FFD,M,0,DULL,2,min,0,0,NA,0,NA,0,11,156,22,3,NA,NA,80,20,8,300,0,0,0,0,0.039285714285714285,0.5571428571428572,0.07857142857142857,0.010714285714285714,0.2857142857142857,0.02857142857142857
TCH043,2016-07-25,2016,207,833,N05,TCH,M,0,DULL,2,exact,0,0,NA,0,NA,0,12,184,0,0,NA,NA,15,88,1,300,0,0,0,0,0.05660377358490566,0.8679245283018868,0,0,0.07075471698113207,0.0047169811320754715
TCH040,2016-07-25,2016,207,1107,G09,TCH,M,0,DULL,3,min,0,0,NA,0,NA,0,17,179,0,37,NA,NA,28,36,3,300,0,0,0,0,0.06439393939393939,0.678030303030303,0,0.14015151515151514,0.10606060606060606,0.011363636363636364
FFD153,2016-07-28,2016,210,748,T06,FFD,M,10,DULL,3,min,0,0,NA,0,NA,0,15,140,0,14,NA,NA,121,0,10,300,0,0,0,0,0.05,0.4666666666666667,0,0.04666666666666667,0.4033333333333333,0.03333333333333333
FFD155,2016-07-28,2016,210,829,U04,FFD,M,0,DULL,3,min,0,0,NA,0,NA,0,11,107,0,0,NA,NA,115,67,0,300,0,0,0,0,0.04721030042918455,0.4592274678111588,0,0,0.49356223175965663,0
FFD156,2016-07-28,2016,210,1014,C04,FFD,M,0,DULL,2,exact,0,0,NA,0,NA,0,7,86,0,4,NA,NA,100,103,0,300,0,0,0,0,0.03553299492385787,0.4365482233502538,0,0.02030456852791878,0.5076142131979695,0
FFD157,2016-07-28,2016,210,1042,A10,FFD,M,100,BRIGHT,3,exact,0,0,NA,0,NA,0,5,110,0,4,NA,NA,40,141,0,300,0,0,0,0,0.031446540880503145,0.6918238993710691,0,0.025157232704402517,0.25157232704402516,0
FFD158,2016-07-28,2016,210,1053,X06,FFD,M,0,DULL,2,exact,0,0,NA,0,NA,0,9,147,0,14,NA,NA,58,72,0,300,0,0,0,0,0.039473684210526314,0.6447368421052632,0,0.06140350877192982,0.2543859649122807,0
FFD159,2016-07-28,2016,210,1135,T01,FFD,M,100,BRIGHT,3,exact,0,5,NA,0,NA,5,3,24,0,10,NA,NA,74,177,2,300,0,0.04065040650406504,0,0.04065040650406504,0.024390243902439025,0.1951219512195122,0,0.08130081300813008,0.6016260162601627,0.016260162601626018
FFD161,2016-07-29,2016,211,844,U02,FFD,M,100,BRIGHT,3,exact,0,0,NA,0,NA,2,29,43,0,0,NA,NA,155,68,3,300,0,0,0,0.008620689655172414,0.125,0.1853448275862069,0,0,0.6681034482758621,0.01293103448275862
FFD162,2016-07-29,2016,211,1213,Q10,FFD,M,15,DULL,4,min,0,0,NA,0,NA,0,9,203,0,0,NA,NA,19,69,0,300,0,0,0,0,0.03896103896103896,0.8787878787878788,0,0,0.08225108225108226,0
FFD163,2016-07-29,2016,211,1234,T01,FFD,M,100,BRIGHT,3,exact,0,0,NA,7,NA,30,5,38,0,34,NA,NA,73,113,0,300,0,0,0.0374331550802139,0.16042780748663102,0.026737967914438502,0.20320855614973263,0,0.18181818181818182,0.39037433155080214,0
TCH044,2016-07-25,2016,207,1245,D08,TCH,M,60,MOULT,4,exact,0,0,NA,0,NA,0,9,44,0,0,NA,NA,132,114,1,300,0,0,0,0,0.04838709677419355,0.23655913978494625,0,0,0.7096774193548387,0.005376344086021506
FFD165,2016-07-30,2016,212,839,A10,FFD,M,100,BRIGHT,3,exact,0,0,NA,0,NA,25,8,53,0,47,NA,NA,66,101,0,300,0,0,0,0.12562814070351758,0.04020100502512563,0.2663316582914573,0,0.23618090452261306,0.3316582914572864,0
FFD166,2016-07-30,2016,212,919,I02,FFD,M,0,DULL,2,exact,0,0,NA,0,NA,0,8,166,0,2,NA,NA,60,59,5,300,0,0,0,0,0.03319502074688797,0.6887966804979253,0,0.008298755186721992,0.24896265560165975,0.02074688796680498
FFD167,2016-07-30,2016,212,934,U03,FFD,M,0,DULL,2,min,0,0,NA,0,NA,0,3,136,0,0,NA,NA,39,119,3,300,0,0,0,0,0.016574585635359115,0.7513812154696132,0,0,0.2154696132596685,0.016574585635359115
TCH046,2016-07-28,2016,210,845,J05,TCH,M,60,MOULT,5,exact,0,0,NA,0,NA,0,42,4,0,0,NA,NA,151,103,0,300,0,0,0,0,0.2131979695431472,0.02030456852791878,0,0,0.766497461928934,0
SMT128,2016-07-30,2016,212,755,D05,SMT,M,0,DULL,5,min,0,0,NA,0,NA,0,6,0,0,0,NA,NA,157,136,1,300,0,0,0,0,0.036585365853658534,0,0,0,0.9573170731707317,0.006097560975609756
TCH047,2016-07-28,2016,210,854,V07,TCH,M,0,DULL,2,exact,0,0,NA,0,NA,0,5,140,0,0,NA,NA,1,146,8,300,0,0,0,0,0.032467532467532464,0.9090909090909091,0,0,0.006493506493506494,0.05194805194805195
TCH048,2016-07-28,2016,210,1027,Q10,TCH,M,15,DULL,4,min,0,0,NA,0,NA,0,12,213,0,0,NA,NA,55,20,0,300,0,0,0,0,0.04285714285714286,0.7607142857142857,0,0,0.19642857142857142,0
TCH049,2016-07-29,2016,211,934,D01,TCH,M,0,DULL,2,exact,0,0,NA,0,NA,0,2,136,0,89,NA,NA,30,42,1,300,0,0,0,0,0.007751937984496124,0.5271317829457365,0,0.3449612403100775,0.11627906976744186,0.003875968992248062
FFD171,2016-07-29,2016,211,1025,K04,FFD,M,100,BRIGHT,5,min,0,0,NA,0,NA,53,5,114,0,8,NA,NA,62,53,5,300,0,0,0,0.2145748987854251,0.020242914979757085,0.46153846153846156,0,0.032388663967611336,0.25101214574898784,0.020242914979757085
TCH050,2016-07-29,2016,211,1247,A10,TCH,M,100,BRIGHT,3,exact,0,0,NA,0,NA,1,8,103,0,4,NA,NA,67,111,6,300,0,0,0,0.005291005291005291,0.042328042328042326,0.544973544973545,0,0.021164021164021163,0.3544973544973545,0.031746031746031744
TCH051,2016-07-30,2016,212,705,G09,TCH,M,0,DULL,3,min,0,0,NA,0,NA,0,10,103,0,0,NA,NA,11,174,2,300,0,0,0,0,0.07936507936507936,0.8174603174603174,0,0,0.0873015873015873,0.015873015873015872
TCH052,2016-07-30,2016,212,801,C04,TCH,M,0,DULL,2,exact,0,0,NA,0,NA,0,4,195,0,0,NA,NA,0,101,0,300,0,0,0,0,0.020100502512562814,0.9798994974874372,0,0,0,0
TCH053,2016-07-30,2016,212,808,D08,TCH,M,75,MOULT,4,exact,0,10,NA,0,NA,0,9,162,0,28,NA,NA,46,45,0,300,0,0.0392156862745098,0,0,0.03529411764705882,0.6352941176470588,0,0.10980392156862745,0.1803921568627451,0
TCH054,2016-07-30,2016,212,901,G02,TCH,M,1,DULL,4,exact,0,0,NA,0,NA,0,16,140,0,0,NA,NA,0,143,1,300,0,0,0,0,0.10191082802547771,0.89171974522293,0,0,0,0.006369426751592357
FFD172,2016-07-30,2016,212,738,T01,FFD,M,100,BRIGHT,3,exact,0,0,NA,0,NA,0,10,37,0,1,NA,NA,86,166,0,300,0,0,0,0,0.07462686567164178,0.27611940298507465,0,0.007462686567164179,0.6417910447761194,0
TCH056,2016-07-31,2016,213,916,O02,TCH,M,0,DULL,2,exact,0,0,NA,0,NA,0,11,256,0,0,NA,NA,8,24,1,300,0,0,0,0,0.03985507246376811,0.927536231884058,0,0,0.028985507246376812,0.0036231884057971015
FFD173,2016-07-31,2016,213,744,H07,FFD,M,0,DULL,2,exact,0,0,NA,3,NA,0,4,156,0,12,NA,NA,21,98,6,300,0,0,0.01485148514851485,0,0.019801980198019802,0.7722772277227723,0,0.0594059405940594,0.10396039603960396,0.0297029702970297
FFD174,2016-07-31,2016,213,852,O10,FFD,M,0,DULL,2,exact,0,0,NA,0,NA,0,5,149,0,0,NA,NA,6,138,2,300,0,0,0,0,0.030864197530864196,0.9197530864197531,0,0,0.037037037037037035,0.012345679012345678
FFD175,2016-08-01,2016,214,807,P03,FFD,M,10,DULL,3,exact,0,0,NA,0,NA,0,5,140,0,12,NA,NA,34,104,5,300,0,0,0,0,0.025510204081632654,0.7142857142857143,0,0.061224489795918366,0.17346938775510204,0.025510204081632654
FFD177,2016-08-01,2016,214,910,Q10,FFD,M,20,DULL,4,min,0,0,NA,0,NA,0,10,153,0,0,NA,NA,18,119,0,300,0,0,0,0,0.055248618784530384,0.8453038674033149,0,0,0.09944751381215469,0
TCH059,2016-08-01,2016,214,743,X05,TCH,M,100,BRIGHT,4,exact,0,0,NA,0,NA,0,19,169,0,7,NA,NA,15,88,2,300,0,0,0,0,0.08962264150943396,0.7971698113207547,0,0.0330188679245283,0.07075471698113207,0.009433962264150943
TCH060,2016-08-01,2016,214,853,G02,TCH,M,1,DULL,4,exact,0,0,NA,0,NA,0,6,111,0,0,NA,NA,7,176,0,300,0,0,0,0,0.04838709677419355,0.8951612903225806,0,0,0.056451612903225805,0
TCH061,2016-08-01,2016,214,1011,K04,TCH,M,100,BRIGHT,5,min,0,0,NA,0,NA,0,1,212,0,0,NA,NA,0,87,0,300,0,0,0,0,0.004694835680751174,0.9953051643192489,0,0,0,0
TCH062,2016-08-01,2016,214,1056,V09,TCH,M,100,BRIGHT,5,min,0,0,NA,0,NA,0,8,152,0,19,NA,NA,28,70,23,300,0,0,0,0,0.034782608695652174,0.6608695652173913,0,0.08260869565217391,0.12173913043478261,0.1
FFD179,2016-08-02,2016,215,928,J05,FFD,M,85,BRIGHT,5,exact,0,0,NA,0,NA,4,20,53,0,3,NA,NA,70,147,3,300,0,0,0,0.026143790849673203,0.13071895424836602,0.3464052287581699,0,0.0196078431372549,0.45751633986928103,0.0196078431372549
SMT138,2016-08-02,2016,215,648,C03,SMT,M,0,DULL,3,min,0,0,NA,0,NA,0,14,45,0,0,NA,NA,75,161,5,300,0,0,0,0,0.10071942446043165,0.3237410071942446,0,0,0.539568345323741,0.03597122302158273
TCH064,2016-08-02,2016,215,758,D08,TCH,M,80,BRIGHT,4,exact,0,0,NA,0,NA,0,17,89,0,0,NA,NA,33,161,0,300,0,0,0,0,0.1223021582733813,0.6402877697841727,0,0,0.23741007194244604,0
LGH001,2017-06-16,2017,167,1009,E05,LGH,M,100,BRIGHT,3,exact,0,0,NA,0,0,0,18,0,0,0,NA,2,130,151,2,301,0,0,0,0,0.12,0,0,0,0.8666666666666667,0.013333333333333334
LGH003,2017-06-19,2017,170,714,V10,LGH,M,0,DULL,2,exact,0,0,NA,0,0,0,37,26,0,10,NA,14,106,108,14,301,0,0,0,0,0.19170984455958548,0.13471502590673576,0,0.05181347150259067,0.5492227979274611,0.07253886010362694
LGH004,2017-06-19,2017,170,1030,R09,LGH,M,35,MOULT,3,min,0,139,NA,0,0,0,3,0,0,53,NA,0,103,3,0,301,0,0.4664429530201342,0,0,0.010067114093959731,0,0,0.17785234899328858,0.34563758389261745,0
LGH008,2017-06-23,2017,174,810,E09,LGH,M,30,MOULT,2,exact,0,0,NA,0,0,0,13,15,0,27,NA,0,153,93,0,301,0,0,0,0,0.0625,0.07211538461538461,0,0.12980769230769232,0.7355769230769231,0
LGH009,2017-06-23,2017,174,953,B10,LGH,M,40,MOULT,2,exact,0,0,NA,0,0,0,16,24,0,58,NA,6,159,38,6,301,0,0,0,0,0.060836501901140684,0.09125475285171103,0,0.22053231939163498,0.6045627376425855,0.022813688212927757
LGH010,2017-06-25,2017,176,802,B10,LGH,M,45,MOULT,2,exact,0,61,NA,0,0,0,4,8,0,73,NA,3,102,50,3,301,0,0.24302788844621515,0,0,0.01593625498007968,0.03187250996015936,0,0.2908366533864542,0.4063745019920319,0.01195219123505976
LGH011,2017-06-25,2017,176,957,V10,LGH,M,0,DULL,2,exact,0,0,NA,0,0,0,13,41,0,2,NA,12,68,165,12,301,0,0,0,0,0.09558823529411764,0.3014705882352941,0,0.014705882352941176,0.5,0.08823529411764706
LGH012,2017-06-25,2017,176,1108,V04,LGH,M,80,BRIGHT,2,exact,0,0,NA,0,0,0,21,43,0,14,NA,0,146,77,0,301,0,0,0,0,0.09375,0.19196428571428573,0,0.0625,0.6517857142857143,0
LGH013,2017-06-26,2017,177,656,Z05,LGH,M,60,MOULT,2,exact,0,0,NA,3,0,0,29,72,0,2,NA,2,173,20,2,301,0,0,0.010676156583629894,0,0.10320284697508897,0.25622775800711745,0,0.0071174377224199285,0.6156583629893239,0.0071174377224199285
LGH017,2017-06-28,2017,179,1108,I07,LGH,M,100,BRIGHT,1,min,0,5,NA,20,3,0,30,97,0,10,NA,0,106,30,3,301,0,0.01845018450184502,0.07380073800738007,0,0.11070110701107011,0.35793357933579334,0,0.03690036900369004,0.39114391143911437,0.01107011070110701
LGH018,2017-06-29,2017,180,656,R09,LGH,M,70,MOULT,3,min,0,0,NA,0,1,0,19,161,0,4,NA,12,87,17,13,301,0,0,0,0,0.06690140845070422,0.5669014084507042,0,0.014084507042253521,0.30633802816901406,0.045774647887323945
LGH019,2017-06-29,2017,180,700,R09,LGH,M,70,MOULT,3,min,0,23,NA,0,1,0,35,79,0,9,NA,9,82,63,10,301,0,0.09663865546218488,0,0,0.14705882352941177,0.3319327731092437,0,0.037815126050420166,0.3445378151260504,0.04201680672268908
LGH020,2017-06-29,2017,180,756,V10,LGH,M,0,DULL,2,exact,0,12,NA,0,0,0,36,29,0,14,NA,20,75,115,20,301,0,0.06451612903225806,0,0,0.1935483870967742,0.15591397849462366,0,0.07526881720430108,0.4032258064516129,0.10752688172043011
LGH021,2017-06-29,2017,180,822,F06,LGH,M,55,MOULT,3,exact,0,0,NA,3,0,0,31,100,0,0,NA,0,127,40,0,301,0,0,0.011494252873563218,0,0.11877394636015326,0.3831417624521073,0,0,0.48659003831417624,0
LGH023,2017-06-30,2017,181,806,B03,LGH,M,30,MOULT,2,exact,0,28,NA,0,0,0,9,21,0,26,NA,0,75,142,0,301,0,0.1761006289308176,0,0,0.05660377358490566,0.1320754716981132,0,0.16352201257861634,0.4716981132075472,0
LGH024,2017-06-30,2017,181,935,C01,LGH,M,50,MOULT,2,exact,0,0,NA,0,0,0,7,77,0,110,NA,3,80,24,3,301,0,0,0,0,0.02527075812274368,0.2779783393501805,0,0.3971119133574007,0.2888086642599278,0.010830324909747292
LGH026,2017-07-02,2017,183,657,O02,LGH,M,90,BRIGHT,3,exact,0,0,NA,0,0,0,7,9,0,0,NA,0,236,49,0,301,0,0,0,0,0.027777777777777776,0.03571428571428571,0,0,0.9365079365079365,0
LGH027,2017-07-02,2017,183,845,T08,LGH,M,100,BRIGHT,5,exact,0,0,NA,19,0,0,3,11,0,86,NA,0,129,53,0,301,0,0,0.07661290322580645,0,0.012096774193548387,0.04435483870967742,0,0.3467741935483871,0.5201612903225806,0
LGH028,2017-07-03,2017,184,705,C02,LGH,M,0,DULL,2,exact,0,0,NA,0,0,0,6,17,0,3,NA,7,223,45,7,301,0,0,0,0,0.0234375,0.06640625,0,0.01171875,0.87109375,0.02734375
LGH029,2017-07-03,2017,184,800,R09,LGH,M,85,BRIGHT,3,min,0,13,NA,0,0,0,11,38,0,3,NA,9,119,108,9,301,0,0.06735751295336788,0,0,0.05699481865284974,0.19689119170984457,0,0.015544041450777202,0.616580310880829,0.046632124352331605
LGH030,2017-07-03,2017,184,943,V04,LGH,M,100,BRIGHT,2,exact,0,0,NA,0,0,0,23,81,0,2,NA,4,95,96,4,301,0,0,0,0,0.11219512195121951,0.3951219512195122,0,0.00975609756097561,0.4634146341463415,0.01951219512195122
LGH032,2017-07-04,2017,185,1225,P06,LGH,M,10,DULL,2,exact,0,0,NA,0,0,0,4,18,0,20,NA,13,79,167,13,301,0,0,0,0,0.029850746268656716,0.13432835820895522,0,0.14925373134328357,0.5895522388059702,0.09701492537313433
LGH034,2017-07-04,2017,185,919,V05,LGH,M,0,DULL,2,exact,0,0,NA,0,0,0,8,10,0,31,NA,7,153,92,7,301,0,0,0,0,0.03827751196172249,0.04784688995215311,0,0.14832535885167464,0.7320574162679426,0.03349282296650718
LGH035,2017-07-04,2017,185,936,I05,LGH,M,5,DULL,1,exact,0,14,NA,0,0,0,3,81,0,13,NA,1,152,37,1,301,0,0.05303030303030303,0,0,0.011363636363636364,0.3068181818181818,0,0.04924242424242424,0.5757575757575758,0.003787878787878788
LGH036,2017-07-05,2017,186,707,M06,LGH,M,10,DULL,1,exact,0,0,NA,0,1,0,3,51,0,13,NA,0,115,118,1,301,0,0,0,0,0.01639344262295082,0.2786885245901639,0,0.07103825136612021,0.6284153005464481,0.00546448087431694
LGH037,2017-07-05,2017,186,720,I07,LGH,M,100,BRIGHT,1,min,0,0,NA,0,0,0,14,182,0,0,NA,0,69,36,0,301,0,0,0,0,0.052830188679245285,0.6867924528301886,0,0,0.26037735849056604,0
LGH038,2017-07-05,2017,186,838,F03,LGH,M,100,BRIGHT,1,min,0,0,NA,0,3,0,15,70,0,0,NA,0,136,77,3,301,0,0,0,0,0.06696428571428571,0.3125,0,0,0.6071428571428571,0.013392857142857142
LGH039,2017-07-05,2017,186,1122,B10,LGH,M,60,MOULT,2,exact,1,0,NA,0,3,0,19,74,0,1,NA,0,113,90,3,301,0.004739336492890996,0,0,0,0.09004739336492891,0.35071090047393366,0,0.004739336492890996,0.5355450236966824,0.014218009478672985
LGH040,2017-07-06,2017,187,832,B03,LGH,M,55,MOULT,2,exact,0,0,NA,0,0,0,6,163,0,31,NA,7,66,28,7,301,0,0,0,0,0.02197802197802198,0.5970695970695971,0,0.11355311355311355,0.24175824175824176,0.02564102564102564
LGH043,2017-07-06,2017,187,1133,P06,LGH,M,40,MOULT,2,exact,0,0,NA,0,0,0,19,114,0,2,NA,0,84,82,0,301,0,0,0,0,0.0867579908675799,0.5205479452054794,0,0.0091324200913242,0.3835616438356164,0
LGH044,2017-07-06,2017,187,1254,V10,LGH,M,5,DULL,2,exact,0,0,NA,0,2,0,2,82,0,4,NA,6,157,48,8,301,0,0,0,0,0.007905138339920948,0.3241106719367589,0,0.015810276679841896,0.6205533596837944,0.03162055335968379
LGH045,2017-07-09,2017,190,916,G04,LGH,M,0,DULL,1,exact,0,0,NA,0,0,0,7,18,0,71,NA,0,94,111,0,301,0,0,0,0,0.03684210526315789,0.09473684210526316,0,0.3736842105263158,0.49473684210526314,0
LGH048,2017-07-09,2017,190,1252,V10,LGH,M,15,DULL,2,exact,0,0,NA,4,1,0,33,95,0,7,NA,2,103,56,3,301,0,0,0.0163265306122449,0,0.1346938775510204,0.3877551020408163,0,0.02857142857142857,0.4204081632653061,0.012244897959183673
LGH049,2017-07-10,2017,191,649,R09,LGH,M,100,BRIGHT,3,min,0,0,NA,0,0,0,16,64,0,1,NA,3,198,19,3,301,0,0,0,0,0.05673758865248227,0.22695035460992907,0,0.0035460992907801418,0.7021276595744681,0.010638297872340425
LGH051,2017-07-10,2017,191,846,Q03,LGH,M,40,MOULT,1,exact,0,0,NA,0,0,0,4,38,0,18,NA,0,146,95,0,301,0,0,0,0,0.019417475728155338,0.18446601941747573,0,0.08737864077669903,0.7087378640776699,0
LGH054,2017-07-11,2017,192,733,V10,LGH,M,20,DULL,2,exact,0,0,NA,0,0,0,18,161,0,4,NA,6,94,18,6,301,0,0,0,0,0.0636042402826855,0.568904593639576,0,0.014134275618374558,0.3321554770318021,0.02120141342756184
LGH055,2017-07-11,2017,192,834,G05,LGH,M,0,DULL,1,exact,0,0,NA,0,2,0,16,187,0,7,NA,0,74,15,2,301,0,0,0,0,0.055944055944055944,0.6538461538461539,0,0.024475524475524476,0.25874125874125875,0.006993006993006993
LGH056,2017-07-11,2017,192,1300,Y09,LGH,M,50,MOULT,2,min,0,0,NA,0,0,0,8,9,0,37,NA,3,116,128,3,301,0,0,0,0,0.046242774566473986,0.05202312138728324,0,0.2138728323699422,0.6705202312138728,0.017341040462427744
LGH058,2017-07-12,2017,193,750,I05,LGH,M,15,DULL,1,exact,0,0,NA,29,0,0,7,56,0,0,NA,6,77,126,6,301,0,0,0.1657142857142857,0,0.04,0.32,0,0,0.44,0.03428571428571429
LGH059,2017-07-12,2017,193,757,E09,LGH,M,100,BRIGHT,2,exact,0,0,NA,0,0,38,17,23,0,0,NA,0,51,172,0,301,0,0,0,0.29457364341085274,0.13178294573643412,0.17829457364341086,0,0,0.3953488372093023,0
LGH060,2017-07-12,2017,193,905,G05,LGH,M,0,DULL,1,exact,0,0,NA,0,0,0,10,138,0,0,NA,0,34,119,0,301,0,0,0,0,0.054945054945054944,0.7582417582417582,0,0,0.18681318681318682,0
LGH061,2017-07-12,2017,193,1200,R09,LGH,M,100,BRIGHT,3,min,0,0,NA,0,1,0,19,21,0,2,NA,5,229,24,6,301,0,0,0,0,0.06859205776173286,0.07581227436823104,0,0.007220216606498195,0.8267148014440433,0.021660649819494584
LGH062,2017-07-13,2017,194,755,V10,LGH,M,30,MOULT,2,exact,0,0,NA,0,0,0,12,52,0,51,NA,0,68,118,0,301,0,0,0,0,0.06557377049180328,0.28415300546448086,0,0.2786885245901639,0.37158469945355194,0
LGH067,2017-07-16,2017,197,816,V10,LGH,M,40,MOULT,2,exact,0,0,NA,0,0,0,17,148,0,0,NA,2,67,67,2,301,0,0,0,0,0.07264957264957266,0.6324786324786325,0,0,0.2863247863247863,0.008547008547008548
LGH068,2017-07-16,2017,197,845,Y09,LGH,M,80,BRIGHT,2,min,0,0,NA,0,0,0,21,82,0,18,NA,4,76,100,4,301,0,0,0,0,0.1044776119402985,0.4079601990049751,0,0.08955223880597014,0.3781094527363184,0.01990049751243781
LGH070,2017-07-16,2017,197,1009,G05,LGH,M,0,DULL,1,exact,0,36,NA,0,0,0,13,58,0,18,NA,0,66,110,0,301,0,0.18848167539267016,0,0,0.06806282722513089,0.3036649214659686,0,0.09424083769633508,0.34554973821989526,0
LGH073,2017-07-17,2017,198,648,C06,LGH,M,0,DULL,1,exact,0,0,NA,0,2,0,19,128,0,0,NA,0,41,111,2,301,0,0,0,0,0.1,0.6736842105263158,0,0,0.21578947368421053,0.010526315789473684
LGH076,2017-07-18,2017,199,705,V10,LGH,M,60,MOULT,2,exact,0,0,NA,0,0,0,21,114,0,0,NA,3,57,106,3,301,0,0,0,0,0.1076923076923077,0.5846153846153846,0,0,0.2923076923076923,0.015384615384615385
LGH079,2017-07-19,2017,200,659,G09,LGH,M,100,BRIGHT,4,min,0,0,NA,2,0,6,5,65,0,43,NA,0,129,51,0,301,0,0,0.008,0.024,0.02,0.26,0,0.172,0.516,0
LGH082,2017-07-19,2017,200,1102,B01,LGH,M,50,MOULT,1,exact,0,0,NA,0,0,0,18,49,0,16,NA,5,96,117,5,301,0,0,0,0,0.09782608695652174,0.266304347826087,0,0.08695652173913043,0.5217391304347826,0.02717391304347826
LGH083,2017-07-19,2017,200,1126,Q03,LGH,M,30,MOULT,1,exact,0,0,NA,0,0,0,9,112,0,5,NA,2,47,126,2,301,0,0,0,0,0.05142857142857143,0.64,0,0.02857142857142857,0.26857142857142857,0.011428571428571429
LGH086,2017-07-21,2017,202,953,G05,LGH,M,0,DULL,1,exact,0,0,NA,0,0,0,9,155,0,0,NA,0,29,108,0,301,0,0,0,0,0.046632124352331605,0.8031088082901554,0,0,0.15025906735751296,0
LGH087,2017-07-21,2017,202,1031,V10,LGH,M,75,MOULT,2,exact,0,0,NA,0,0,0,9,114,0,12,NA,0,131,35,0,301,0,0,0,0,0.03383458646616541,0.42857142857142855,0,0.045112781954887216,0.4924812030075188,0
LGH090,2017-07-22,2017,203,733,W06,LGH,M,90,BRIGHT,3,exact,0,0,NA,0,0,0,22,91,0,0,NA,0,69,119,0,301,0,0,0,0,0.12087912087912088,0.5,0,0,0.3791208791208791,0
LGH092,2017-07-22,2017,203,1058,Y09,LGH,M,85,BRIGHT,2,min,0,0,NA,0,9,0,11,83,0,19,NA,0,80,99,9,301,0,0,0,0,0.054455445544554455,0.41089108910891087,0,0.09405940594059406,0.39603960396039606,0.04455445544554455
LGH093,2017-07-23,2017,204,659,B10,LGH,M,90,BRIGHT,2,exact,0,0,NA,0,0,0,10,125,0,0,NA,0,65,101,0,301,0,0,0,0,0.05,0.625,0,0,0.325,0
LGH099,2017-07-24,2017,205,723,G05,LGH,M,0,DULL,1,exact,0,26,NA,0,0,0,4,71,0,52,NA,0,36,112,0,301,0,0.13756613756613756,0,0,0.021164021164021163,0.37566137566137564,0,0.2751322751322751,0.19047619047619047,0
LGH101,2017-07-24,2017,205,1230,V10,LGH,M,85,BRIGHT,2,exact,0,0,NA,0,2,0,22,107,0,3,NA,0,56,111,2,301,0,0,0,0,0.11578947368421053,0.5631578947368421,0,0.015789473684210527,0.29473684210526313,0.010526315789473684
LGH102,2017-07-25,2017,206,717,Q03,LGH,M,40,MOULT,1,exact,0,0,NA,0,4,0,28,149,0,0,NA,0,41,79,4,301,0,0,0,0,0.12612612612612611,0.6711711711711712,0,0,0.18468468468468469,0.018018018018018018
LGH103,2017-07-25,2017,206,912,B03,LGH,M,100,BRIGHT,2,exact,0,0,NA,0,3,0,21,93,0,11,NA,0,59,114,3,301,0,0,0,0,0.11229946524064172,0.49732620320855614,0,0.058823529411764705,0.3155080213903743,0.016042780748663103
LGH106,2017-07-26,2017,207,813,V10,LGH,M,95,BRIGHT,2,exact,0,0,NA,0,0,0,26,141,0,0,NA,3,63,68,3,301,0,0,0,0,0.11158798283261803,0.6051502145922747,0,0,0.2703862660944206,0.012875536480686695
LGH108,2017-07-26,2017,207,945,P06,LGH,M,95,BRIGHT,2,exact,0,0,NA,0,0,0,8,48,0,70,NA,0,88,87,0,301,0,0,0,0,0.037383177570093455,0.22429906542056074,0,0.32710280373831774,0.411214953271028,0
LGH110,2017-07-28,2017,209,752,G05,LGH,M,0,DULL,1,exact,0,0,NA,0,0,0,8,141,0,27,NA,0,16,109,0,301,0,0,0,0,0.041666666666666664,0.734375,0,0.140625,0.08333333333333333,0
LGH112,2017-07-28,2017,209,1002,B03,LGH,M,100,BRIGHT,2,exact,0,0,NA,0,0,0,23,136,0,11,NA,3,54,74,3,301,0,0,0,0,0.1013215859030837,0.5991189427312775,0,0.048458149779735685,0.23788546255506607,0.013215859030837005
LGH113,2017-07-29,2017,210,653,V10,LGH,M,98,BRIGHT,2,exact,0,0,NA,0,0,0,16,127,0,0,NA,12,119,27,12,301,0,0,0,0,0.058394160583941604,0.4635036496350365,0,0,0.4343065693430657,0.043795620437956206
LGH116,2017-07-29,2017,210,818,Y09,LGH,M,95,BRIGHT,2,min,0,0,NA,0,0,0,38,131,0,0,NA,3,58,71,3,301,0,0,0,0,0.16521739130434782,0.5695652173913044,0,0,0.25217391304347825,0.013043478260869565
LGH117,2017-07-29,2017,210,923,C06,LGH,M,0,DULL,1,exact,0,8,NA,0,1,0,34,74,0,55,NA,4,103,21,5,300,0,0.02867383512544803,0,0,0.12186379928315412,0.26523297491039427,0,0.1971326164874552,0.36917562724014336,0.017921146953405017
LGH119,2017-07-29,2017,210,1054,R09,LGH,M,100,BRIGHT,3,min,0,0,NA,0,0,0,23,118,0,0,NA,0,51,109,0,301,0,0,0,0,0.11979166666666667,0.6145833333333334,0,0,0.265625,0
LGH122,2017-07-31,2017,212,737,Y09,LGH,M,98,BRIGHT,2,min,0,0,NA,0,0,0,20,67,0,3,NA,0,152,59,0,301,0,0,0,0,0.08264462809917356,0.2768595041322314,0,0.012396694214876033,0.628099173553719,0
LGH125,2017-07-31,2017,212,1000,V10,LGH,M,99,BRIGHT,2,exact,0,0,NA,0,0,0,17,120,0,0,NA,3,38,123,3,301,0,0,0,0,0.09550561797752809,0.6741573033707865,0,0,0.21348314606741572,0.016853932584269662
LGH127,2017-08-01,2017,213,957,C06,LGH,M,0,DULL,1,exact,0,0,NA,0,2,0,42,115,0,0,NA,0,34,108,2,301,0,0,0,0,0.21761658031088082,0.5958549222797928,0,0,0.17616580310880828,0.010362694300518135
LGH129,2017-08-01,2017,213,1245,B03,LGH,M,98,BRIGHT,2,exact,0,0,NA,0,6,0,23,149,0,0,NA,3,58,62,9,301,0,0,0,0,0.09623430962343096,0.6234309623430963,0,0,0.24267782426778242,0.03765690376569038
LGH131,2017-08-02,2017,214,856,Q09,LGH,M,95,BRIGHT,2,exact,0,0,NA,0,0,0,24,163,0,17,NA,0,95,2,0,301,0,0,0,0,0.0802675585284281,0.5451505016722408,0,0.056856187290969896,0.3177257525083612,0
LGH134,2017-08-02,2017,214,1151,C01,LGH,M,90,BRIGHT,2,exact,0,0,NA,0,0,0,10,87,0,7,NA,0,42,155,0,301,0,0,0,0,0.0684931506849315,0.5958904109589042,0,0.04794520547945205,0.2876712328767123,0
LGH135,2017-08-03,2017,215,647,G05,LGH,M,0,DULL,1,exact,0,0,NA,0,5,0,19,178,0,0,NA,0,26,73,5,301,0,0,0,0,0.08333333333333333,0.7807017543859649,0,0,0.11403508771929824,0.021929824561403508
LGH136,2017-08-03,2017,215,718,V10,LGH,M,99,BRIGHT,2,exact,0,0,NA,0,2,0,24,157,0,1,NA,13,79,25,15,301,0,0,0,0,0.08695652173913043,0.5688405797101449,0,0.0036231884057971015,0.286231884057971,0.05434782608695652
LGH138,2017-08-03,2017,215,832,P06,LGH,M,95,BRIGHT,2,exact,0,4,NA,0,1,0,18,155,0,19,NA,3,88,12,4,300,0,0.013888888888888888,0,0,0.0625,0.5381944444444444,0,0.06597222222222222,0.3055555555555556,0.013888888888888888
LGH139,2017-08-03,2017,215,900,O09,LGH,M,100,BRIGHT,2,exact,0,0,NA,0,0,0,16,140,0,5,NA,2,97,41,2,301,0,0,0,0,0.06153846153846154,0.5384615384615384,0,0.019230769230769232,0.3730769230769231,0.007692307692307693
LGH144,2017-08-04,2017,216,947,Q03,LGH,M,70,MOULT,1,exact,0,0,NA,0,1,0,16,154,0,0,NA,2,56,72,3,301,0,0,0,0,0.06986899563318777,0.6724890829694323,0,0,0.2445414847161572,0.013100436681222707
PCH001,2018-06-15,2018,166,730,F02,PCH,M,100,BRIGHT,3,exact,0,45,0,0,0,0,44,26,0,0,NA,0,139,46,0,300,0,0.17716535433070865,0,0,0.1732283464566929,0.10236220472440945,0,0,0.547244094488189,0
PCH002,2018-06-15,2018,166,931,P06,PCH,M,100,BRIGHT,3,exact,0,0,0,0,0,0,29,0,0,13,NA,0,73,105,0,220,0,0,0,0,0.25217391304347825,0,0,0.11304347826086956,0.6347826086956522,0
PCH009,2018-06-20,2018,171,1025,M01,PCH,M,100,BRIGHT,2,exact,0,0,0,0,0,0,7,102,0,2,NA,0,29,138,0,278,0,0,0,0,0.05,0.7285714285714285,0,0.014285714285714285,0.20714285714285716,0
PCH011,2018-06-21,2018,172,746,W02,PCH,M,90,BRIGHT,2,exact,0,25,0,0,0,0,0,70,0,160,NA,7,42,2,7,306,0,0.08223684210526316,0,0,0,0.23026315789473684,0,0.5263157894736842,0.13815789473684212,0.023026315789473683
PCH014,2018-06-22,2018,173,839,B10,PCH,M,60,MOULT,3,exact,0,0,0,0,0,0,7,103,0,13,NA,0,9,168,0,300,0,0,0,0,0.05303030303030303,0.7803030303030303,0,0.09848484848484848,0.06818181818181818,0
PCH015,2018-06-24,2018,175,717,T09,PCH,M,5,DULL,1,min,0,0,0,0,0,0,4,183,0,0,NA,0,7,106,0,300,0,0,0,0,0.020618556701030927,0.9432989690721649,0,0,0.03608247422680412,0
PCH016,2018-06-24,2018,175,1026,A07,PCH,M,100,BRIGHT,7,min,0,0,0,0,0,0,3,120,0,21,NA,0,59,97,0,300,0,0,0,0,0.014778325123152709,0.5911330049261084,0,0.10344827586206896,0.29064039408866993,0
PCH017,2018-06-24,2018,175,1115,D01,PCH,M,100,BRIGHT,4,exact,0,0,0,0,0,0,14,178,0,1,NA,2,55,23,2,273,0,0,0,0,0.056,0.712,0,0.004,0.22,0.008
PCH022,2018-06-30,2018,181,NA,D06,PCH,M,100,BRIGHT,4,exact,0,0,0,2,0,0,5,140,0,15,NA,0,61,77,0,300,0,0,0.008968609865470852,0,0.02242152466367713,0.6278026905829597,0,0.06726457399103139,0.273542600896861,0
PCH027,2018-07-05,2018,186,1238,R09,PCH,M,100,BRIGHT,4,min,0,0,0,0,0,0,6,88,0,0,NA,1,29,178,1,302,0,0,0,0,0.04838709677419355,0.7096774193548387,0,0,0.23387096774193547,0.008064516129032258
PCH038,2018-07-11,2018,192,1213,N06,PCH,M,0,DULL,1,exact,0,0,0,0,0,0,0,0,0,0,NA,0,222,78,0,300,0,0,0,0,0,0,0,0,1,0
PCH040,2018-07-13,2018,194,902,Z09,PCH,M,0,DULL,1,exact,0,0,0,0,0,0,0,209,0,5,NA,0,28,58,0,300,0,0,0,0,0,0.8636363636363636,0,0.02066115702479339,0.11570247933884298,0
PCH041,2018-07-14,2018,195,NA,N06,PCH,M,0,DULL,1,exact,0,0,0,0,0,0,4,77,0,1,NA,0,82,136,0,300,0,0,0,0,0.024390243902439025,0.4695121951219512,0,0.006097560975609756,0.5,0
PCH049,2018-07-15,2018,196,NA,H03,PCH,M,0,DULL,1,exact,0,0,0,0,1,0,2,132,2,0,NA,0,9,154,1,300,0,0,0,0,0.0136986301369863,0.9041095890410958,0.0136986301369863,0,0.06164383561643835,0.00684931506849315
PCH053,2018-07-17,2018,198,1019,E03,PCH,M,0,DULL,1,exact,0,0,0,0,0,0,4,173,0,7,NA,0,13,103,0,300,0,0,0,0,0.02030456852791878,0.8781725888324873,0,0.03553299492385787,0.06598984771573604,0
PCH058,2018-07-20,2018,201,801,T09,PCH,M,5,DULL,1,min,0,0,0,0,1,0,4,142,0,6,NA,2,31,120,3,306,0,0,0,0,0.021505376344086023,0.7634408602150538,0,0.03225806451612903,0.16666666666666666,0.016129032258064516
PCH062,2018-07-21,2018,202,756,K06,PCH,M,10,DULL,1,exact,0,0,0,0,0,0,2,249,0,0,NA,0,25,115,0,391,0,0,0,0,0.007246376811594203,0.9021739130434783,0,0,0.09057971014492754,0
PCH063,2018-07-21,2018,202,NA,T03,PCH,M,0,DULL,1,exact,0,0,0,0,0,0,3,30,0,9,NA,0,37,174,0,253,0,0,0,0,0.0379746835443038,0.379746835443038,0,0.11392405063291139,0.46835443037974683,0
PCH066,2018-07-22,2018,203,717,F01,PCH,M,100,BRIGHT,4,exact,0,0,0,0,0,0,0,343,0,0,NA,0,0,0,0,343,0,0,0,0,0,1,0,0,0,0
PCH067,2018-07-22,2018,203,717,W10,PCH,M,25,MOULT,2,exact,0,0,0,0,0,0,0,255,0,0,NA,0,0,88,0,343,0,0,0,0,0,1,0,0,0,0
PCH072,2018-07-24,2018,205,1131,P01,PCH,M,0,DULL,1,exact,0,0,237,0,0,0,4,63,0,0,NA,0,32,25,237,361,0,0,0,0,0.011904761904761904,0.1875,0,0,0.09523809523809523,0.7053571428571429
PCH080,2018-07-28,2018,209,930,O10,PCH,M,100,BRIGHT,4,exact,0,0,3,0,0,0,2,47,0,1,NA,0,157,120,3,330,0,0,0,0,0.009523809523809525,0.22380952380952382,0,0.004761904761904762,0.7476190476190476,0.014285714285714285
PCH081,2018-07-28,2018,209,1056,B10,PCH,M,15,DULL,3,exact,0,0,0,0,0,0,6,99,0,51,NA,0,44,147,0,347,0,0,0,0,0.03,0.495,0,0.255,0.22,0
PCH088,2018-06-20,2018,171,1025,M01,PCH,M,100,BRIGHT,2,exact,0,0,0,0,0,0,7,102,0,2,NA,0,29,138,0,278,0,0,0,0,0.05,0.7285714285714285,0,0.014285714285714285,0.20714285714285716,0
NBC001,2018-06-10,2018,161,1045,H07,NBC,M,100,BRIGHT,4,exact,0,0,0,0,NA,21,55,9,0,5,0,0,32,178,0,300,0,0,0,0.1721311475409836,0.45081967213114754,0.07377049180327869,0,0.040983606557377046,0.26229508196721313,0
MMA002,2018-06-10,2018,161,1030,S09,MMA,M,0,DULL,1,exact,0,60,0,0,NA,0,30,4,0,43,16,0,25,122,16,300,0,0.33707865168539325,0,0,0.16853932584269662,0.02247191011235955,0,0.24157303370786518,0.1404494382022472,0.0898876404494382
NBC002,2018-06-12,2018,163,1100,G05,NBC,M,100,BRIGHT,2,exact,0,4,0,0,NA,19,28,14,0,0,0,0,83,152,0,300,0,0.02702702702702703,0,0.12837837837837837,0.1891891891891892,0.0945945945945946,0,0,0.5608108108108109,0
NBC003,2018-06-19,2018,170,1125,M06,NBC,M,100,BRIGHT,2,exact,0,0,25,0,NA,0,6,0,0,8,1,0,140,120,26,300,0,0,0,0,0.03333333333333333,0,0,0.044444444444444446,0.7777777777777778,0.14444444444444443
NBC004,2018-06-20,2018,171,1120,F03,NBC,M,100,BRIGHT,2,min,0,0,0,0,NA,0,7,144,0,0,0,1,7,141,1,300,0,0,0,0,0.0440251572327044,0.9056603773584906,0,0,0.0440251572327044,0.006289308176100629
NBC006,2018-06-20,2018,171,815,N06,NBC,M,0,DULL,1,exact,0,0,0,0,NA,0,8,76,0,89,0,0,12,115,0,300,0,0,0,0,0.043243243243243246,0.41081081081081083,0,0.4810810810810811,0.06486486486486487,0
MMA005,2018-06-21,2018,172,1100,Q03,MMA,M,75,MOULT,2,exact,0,0,0,0,NA,0,6,93,0,16,0,0,29,156,0,300,0,0,0,0,0.041666666666666664,0.6458333333333334,0,0.1111111111111111,0.2013888888888889,0
NBC008,2018-06-22,2018,173,1040,M06,NBC,M,100,BRIGHT,2,exact,0,1,0,0,NA,0,9,15,0,0,0,3,98,174,3,300,0,0.007936507936507936,0,0,0.07142857142857142,0.11904761904761904,0,0,0.7777777777777778,0.023809523809523808
MMA006,2018-06-22,2018,173,NA,F05,MMA,M,5,DULL,2,min,0,0,3,0,NA,0,15,45,0,4,0,3,54,176,6,300,0,0,0,0,0.12096774193548387,0.3629032258064516,0,0.03225806451612903,0.43548387096774194,0.04838709677419355
NBC009,2018-06-24,2018,175,826,A07,NBC,M,100,BRIGHT,7,min,0,0,0,0,NA,3,2,0,0,54,0,0,241,0,0,300,0,0,0,0.01,0.006666666666666667,0,0,0.18,0.8033333333333333,0
MMA007,2018-06-24,2018,175,815,R07,MMA,M,15,DULL,2,exact,0,0,0,0,NA,0,2,132,0,0,0,0,0,166,0,300,0,0,0,0,0.014925373134328358,0.9850746268656716,0,0,0,0
MMA010,2018-06-29,2018,180,800,D04,MMA,M,100,BRIGHT,2,exact,0,0,2,0,NA,0,5,0,0,7,2,6,128,150,10,300,0,0,0,0,0.03333333333333333,0,0,0.04666666666666667,0.8533333333333334,0.06666666666666667
MMA011,2018-06-29,2018,180,800,F02,MMA,M,100,BRIGHT,3,exact,0,0,0,0,NA,0,8,0,0,5,0,8,127,152,8,300,0,0,0,0,0.05405405405405406,0,0,0.033783783783783786,0.8581081081081081,0.05405405405405406
NBC011,2018-06-29,2018,180,910,W02,NBC,M,90,BRIGHT,2,exact,0,0,11,3,NA,0,19,50,0,50,0,0,49,118,11,300,0,0,0.016483516483516484,0,0.1043956043956044,0.27472527472527475,0,0.27472527472527475,0.2692307692307692,0.06043956043956044
MMA012,2018-06-29,2018,180,1120,F09,MMA,M,0,DULL,1,exact,0,51,0,0,NA,0,4,29,0,95,0,0,29,92,0,300,0,0.24519230769230768,0,0,0.019230769230769232,0.13942307692307693,0,0.4567307692307692,0.13942307692307693,0
MMA013,2018-06-30,2018,181,1200,D01,MMA,M,100,BRIGHT,4,exact,0,0,0,0,NA,0,8,97,0,43,0,3,51,98,3,300,0,0,0,0,0.039603960396039604,0.4801980198019802,0,0.21287128712871287,0.2524752475247525,0.01485148514851485
MET001,2018-06-30,2018,181,1200,R05,MET,M,80,BRIGHT,1,min,0,66,0,0,NA,0,15,74,0,56,0,0,64,25,0,300,0,0.24,0,0,0.05454545454545454,0.2690909090909091,0,0.20363636363636364,0.23272727272727273,0
MMA014,2018-06-30,2018,181,915,K06,MMA,M,5,DULL,1,exact,0,0,2,0,NA,0,8,60,0,49,0,0,81,100,2,300,0,0,0,0,0.04,0.3,0,0.245,0.405,0.01
NBC012,2018-06-30,2018,181,843,E01,NBC,M,0,DULL,1,exact,0,0,0,0,NA,0,14,55,0,1,2,0,108,120,2,300,0,0,0,0,0.07777777777777778,0.3055555555555556,0,0.005555555555555556,0.6,0.011111111111111112
NBC013,2018-07-01,2018,182,1215,H05,NBC,M,100,BRIGHT,5,exact,0,0,0,18,NA,0,17,67,1,0,3,0,39,161,3,306,0,0,0.12413793103448276,0,0.11724137931034483,0.46206896551724136,0.006896551724137931,0,0.2689655172413793,0.020689655172413793
NBC014,2018-07-02,2018,183,1015,D09,NBC,M,100,BRIGHT,3,exact,0,0,0,0,NA,4,18,58,0,6,0,9,32,173,9,300,0,0,0,0.031496062992125984,0.14173228346456693,0.4566929133858268,0,0.047244094488188976,0.25196850393700787,0.07086614173228346
MMA016,2018-07-02,2018,183,1000,M01,MMA,M,100,BRIGHT,2,exact,0,0,2,0,NA,0,16,110,0,0,0,3,90,79,5,300,0,0,0,0,0.07239819004524888,0.497737556561086,0,0,0.4072398190045249,0.02262443438914027
MMA017,2018-07-02,2018,183,918,C06,MMA,M,0,DULL,2,exact,0,0,0,0,NA,0,0,86,0,57,0,0,12,145,0,300,0,0,0,0,0,0.5548387096774193,0,0.36774193548387096,0.07741935483870968,0
MMA019,2018-07-03,2018,184,715,B10,MMA,M,10,DULL,3,exact,0,0,0,0,NA,0,11,136,0,12,30,6,19,86,36,300,0,0,0,0,0.0514018691588785,0.6355140186915887,0,0.056074766355140186,0.08878504672897196,0.16822429906542055
MMA020,2018-07-03,2018,184,1130,U09,MMA,M,50,MOULT,2,exact,0,0,5,0,NA,30,5,72,0,0,0,8,13,167,13,300,0,0,0,0.22556390977443608,0.03759398496240601,0.5413533834586466,0,0,0.09774436090225563,0.09774436090225563
NBC018,2018-07-05,2018,186,1110,Y09,NBC,M,100,BRIGHT,3,min,0,0,0,4,NA,11,19,39,0,1,0,49,64,113,49,300,0,0,0.0213903743315508,0.058823529411764705,0.10160427807486631,0.20855614973262032,0,0.0053475935828877,0.3422459893048128,0.2620320855614973
MMA022,2018-07-05,2018,186,949,R09,MMA,M,100,BRIGHT,4,min,0,0,50,0,NA,0,15,35,0,0,0,15,81,104,65,300,0,0,0,0,0.07653061224489796,0.17857142857142858,0,0,0.413265306122449,0.33163265306122447
NBC019,2018-07-05,2018,186,1120,H05,NBC,M,100,BRIGHT,5,exact,0,0,0,14,NA,0,19.5,19,0,10,0,9,81.5,147,9,300,0,0,0.0915032679738562,0,0.12745098039215685,0.12418300653594772,0,0.06535947712418301,0.5326797385620915,0.058823529411764705
RGT001,2018-07-06,2018,187,NA,S03,RGT,M,100,BRIGHT,3,exact,0,0,0,0,NA,0,15,41,0,0,0,0,120,124,0,300,0,0,0,0,0.08522727272727272,0.23295454545454544,0,0,0.6818181818181818,0
RGT002,2018-07-06,2018,187,NA,F05,RGT,M,100,BRIGHT,2,min,0,0,0,0,NA,0,2,101,0,0,0,0,29,168,0,300,0,0,0,0,0.015151515151515152,0.7651515151515151,0,0,0.2196969696969697,0
RGT003,2018-07-06,2018,187,NA,H07,RGT,M,100,BRIGHT,4,exact,0,0,0,5,NA,0,7,120,0,0,0,10,99,59,10,300,0,0,0.02074688796680498,0,0.029045643153526972,0.4979253112033195,0,0,0.4107883817427386,0.04149377593360996
MMA023,2018-07-06,2018,187,810,T08,MMA,M,100,BRIGHT,6,exact,0,0,15,0,NA,0,16,17,0,123,0,17,91,21,32,300,0,0,0,0,0.05734767025089606,0.06093189964157706,0,0.44086021505376344,0.32616487455197135,0.11469534050179211
NBC021,2018-07-07,2018,188,1116,T09,NBC,M,0,DULL,1,min,0,0,1,0,NA,0,22,122,0,0,1,0,42,112,2,300,0,0,0,0,0.11702127659574468,0.648936170212766,0,0,0.22340425531914893,0.010638297872340425
RGT004,2018-07-07,2018,188,NA,K06,RGT,M,0,DULL,1,exact,0,0,0,0,NA,0,0,146,0,3,0,0,0,151,0,300,0,0,0,0,0,0.9798657718120806,0,0.020134228187919462,0,0
MMA024,2018-07-08,2018,189,NA,W02,MMA,M,100,BRIGHT,2,exact,0,0,1,0,NA,0,10,72,0,8,0,20,29,160,21,300,0,0,0,0,0.07142857142857142,0.5142857142857142,0,0.05714285714285714,0.20714285714285716,0.15
MMA025,2018-07-08,2018,189,928,W02,MMA,M,100,BRIGHT,2,exact,0,0,3,0,NA,0,10,66,0,8,0,14,33,166,17,300,0,0,0,0,0.07462686567164178,0.4925373134328358,0,0.05970149253731343,0.2462686567164179,0.12686567164179105
MMA026,2018-07-08,2018,189,1235,L05,MMA,M,0,DULL,2,exact,0,0,2,0,NA,0,8,51,0,4,0,0,128,107,2,300,0,0,0,0,0.04145077720207254,0.26424870466321243,0,0.02072538860103627,0.6632124352331606,0.010362694300518135
RGT005,2018-07-11,2018,192,NA,T08,RGT,M,100,BRIGHT,6,exact,0,0,0,0,NA,0,14,131,0,0,0,2,56,97,2,300,0,0,0,0,0.06896551724137931,0.645320197044335,0,0,0.27586206896551724,0.009852216748768473
RGT006,2018-07-13,2018,194,NA,U09,RGT,M,65,MOULT,2,exact,0,0,0,0,NA,0,0,211,0,17,0,0,35,37,0,300,0,0,0,0,0,0.8022813688212928,0,0.06463878326996197,0.13307984790874525,0
RGT007,2018-07-13,2018,194,NA,X01,RGT,M,0,DULL,2,exact,0,0,0,0,NA,0,3,205,0,0,4,0,9,79,4,300,0,0,0,0,0.013574660633484163,0.9276018099547512,0,0,0.04072398190045249,0.01809954751131222
RGT008,2018-07-13,2018,194,NA,X01,RGT,M,0,DULL,2,exact,0,0,0,0,NA,0,7,224,0,0,21,4,30,14,25,300,0,0,0,0,0.024475524475524476,0.7832167832167832,0,0,0.1048951048951049,0.08741258741258741
RGT009,2018-07-13,2018,194,NA,I01,RGT,M,0,DULL,2,exact,0,0,0,0,NA,0,16,161,0,0,0,0,47,76,0,300,0,0,0,0,0.07142857142857142,0.71875,0,0,0.20982142857142858,0
RGT010,2018-07-13,2018,194,NA,I01,RGT,M,0,DULL,2,exact,0,0,0,0,NA,0,26,64,0,0,0,2,136,72,2,300,0,0,0,0,0.11403508771929824,0.2807017543859649,0,0,0.5964912280701754,0.008771929824561403
NBC027,2018-07-14,2018,195,1224,X01,NBC,M,0,DULL,2,exact,0,7,0,0,NA,0,21,76,0,32,0,0,33,131,0,300,0,0.04142011834319527,0,0,0.1242603550295858,0.44970414201183434,0,0.1893491124260355,0.1952662721893491,0
RGT011,2018-07-14,2018,195,NA,N06,RGT,M,0,DULL,1,exact,0,0,0,0,NA,0,9,100,0,27,9,0,49,106,9,300,0,0,0,0,0.04639175257731959,0.5154639175257731,0,0.13917525773195877,0.25257731958762886,0.04639175257731959
NBC029,2018-07-15,2018,196,727,T03,NBC,M,0,DULL,1,exact,0,0,0,0,NA,0,6,76,0,0,0,0,113,105,0,300,0,0,0,0,0.03076923076923077,0.38974358974358975,0,0,0.5794871794871795,0
NBC030,2018-07-16,2018,197,912,B10,NBC,M,50,MOULT,3,exact,0,0,0,0,NA,0,9,111,0,6,7,0,60,107,7,300,0,0,0,0,0.046632124352331605,0.5751295336787565,0,0.031088082901554404,0.31088082901554404,0.03626943005181347
MMA028,2018-07-17,2018,198,819,O08,MMA,M,100,BRIGHT,2,min,0,0,0,0,NA,0,8,47,0,131,0,2,51,61,2,300,0,0,0,0,0.03347280334728033,0.19665271966527198,0,0.5481171548117155,0.21338912133891214,0.008368200836820083
NBC032,2018-07-17,2018,198,955,J10,NBC,M,0,DULL,1,exact,0,0,2,0,NA,0,2,99,0,24,0,0,70,103,2,300,0,0,0,0,0.01015228426395939,0.5025380710659898,0,0.1218274111675127,0.3553299492385787,0.01015228426395939
RGT012,2018-07-17,2018,198,NA,I01,RGT,M,0,DULL,2,exact,0,0,0,0,NA,0,3,79,0,23,0,0,166,29,0,300,0,0,0,0,0.01107011070110701,0.2915129151291513,0,0.08487084870848709,0.6125461254612546,0
NBC033,2018-07-17,2018,198,1059,H03,NBC,M,0,DULL,1,exact,0,0,0,0,NA,0,17,91,0,9,0,0,37.5,145.5,0,300,0,0,0,0,0.11003236245954692,0.5889967637540453,0,0.05825242718446602,0.24271844660194175,0
MMA030,2018-07-20,2018,201,1200,F05,MMA,M,100,BRIGHT,2,min,0,0,0,0,NA,0,11,43,0,2,0,0,99,145,0,300,0,0,0,0,0.07096774193548387,0.27741935483870966,0,0.012903225806451613,0.6387096774193548,0
NBC036,2018-07-20,2018,201,1025,H07,NBC,M,100,BRIGHT,4,exact,0,0,0,0,NA,0,9,159,0,0,0,0,40,92,0,300,0,0,0,0,0.04326923076923077,0.7644230769230769,0,0,0.19230769230769232,0
NBC038,2018-07-20,2018,201,758,F01,NBC,M,100,BRIGHT,4,exact,0,0,0,0,NA,0,9,207,0,10,0,0,6,68,0,300,0,0,0,0,0.03879310344827586,0.8922413793103449,0,0.04310344827586207,0.02586206896551724,0
NBC039,2018-07-20,2018,201,830,W10,NBC,M,15,DULL,2,exact,0,0,18,0,NA,0,7.5,103,0,0,0,0,25,146.5,18,300,0,0,0,0,0.048859934853420196,0.6710097719869706,0,0,0.16286644951140064,0.11726384364820847
MMA031,2018-07-20,2018,201,1145,U09,MMA,M,85,BRIGHT,2,exact,0,29,0,0,NA,0,8,76,0,8,0,0,0,179,0,300,0,0.2396694214876033,0,0,0.06611570247933884,0.628099173553719,0,0.06611570247933884,0,0
MMA032,2018-07-20,2018,201,1015,X01,MMA,M,0,DULL,2,exact,0,0,11,0,NA,0,11,74,0,0,0,0,26,178,11,300,0,0,0,0,0.09016393442622951,0.6065573770491803,0,0,0.21311475409836064,0.09016393442622951
MMA033,2018-07-21,2018,202,732,V06,MMA,M,100,BRIGHT,2,exact,0,0,0,0,NA,0,18,59,0,21,0,0,28,174,0,300,0,0,0,0,0.14285714285714285,0.46825396825396826,0,0.16666666666666666,0.2222222222222222,0
RGT016,2018-07-22,2018,203,NA,F05,RGT,M,100,BRIGHT,2,min,0,0,0,3,NA,0,4,130,0,0,0,4,10,149,4,300,0,0,0.019867549668874173,0,0.026490066225165563,0.8609271523178808,0,0,0.06622516556291391,0.026490066225165563
MMA034,2018-07-22,2018,203,1105,L05,MMA,M,1,DULL,2,exact,0,38,0,0,NA,0,2,157,0,13,0,6,1,83,6,300,0,0.17511520737327188,0,0,0.009216589861751152,0.7235023041474654,0,0.059907834101382486,0.004608294930875576,0.027649769585253458
MMA035,2018-07-23,2018,204,1000,M01,MMA,M,100,BRIGHT,2,exact,0,0,0,0,NA,0,11,69,0,0,0,0,133,87,0,300,0,0,0,0,0.051643192488262914,0.323943661971831,0,0,0.6244131455399061,0
MMA037,2018-07-24,2018,205,700,G05,MMA,M,100,BRIGHT,2,exact,0,0,0,0,NA,0,10,111,0,0,0,3,46,130,3,300,0,0,0,0,0.058823529411764705,0.6529411764705882,0,0,0.27058823529411763,0.01764705882352941
MMA038,2018-07-24,2018,205,1123,M06,MMA,M,100,BRIGHT,2,exact,0,0,0,0,NA,9,15,56,0,8,0,0,73,139,0,300,0,0,0,0.055900621118012424,0.09316770186335403,0.34782608695652173,0,0.049689440993788817,0.453416149068323,0
RGT017,2018-07-27,2018,208,NA,H06,RGT,M,100,BRIGHT,2,exact,0,0,0,0,NA,0,10,189,0,0,0,0,28,73,0,300,0,0,0,0,0.04405286343612335,0.8325991189427313,0,0,0.12334801762114538,0
RGT018,2018-07-27,2018,208,NA,H06,RGT,M,100,BRIGHT,2,exact,0,53,0,0,NA,0,3,50,0,108,0,0,9,77,0,300,0,0.23766816143497757,0,0,0.013452914798206279,0.2242152466367713,0,0.484304932735426,0.04035874439461883,0
RGT019,2018-07-27,2018,208,NA,M01,RGT,M,100,BRIGHT,2,exact,0,0,0,4,NA,0,1,137,0,0,0,29,0,129,29,300,0,0,0.023391812865497075,0,0.005847953216374269,0.8011695906432749,0,0,0,0.1695906432748538
MMA039,2018-07-27,2018,208,1300,L05,MMA,M,2,DULL,2,exact,0,55,0,0,NA,0,7,73,0,74,0,9,82,0,9,300,0,0.18333333333333332,0,0,0.023333333333333334,0.24333333333333335,0,0.24666666666666667,0.2733333333333333,0.03
MMA040,2018-07-29,2018,210,941,W10,MMA,M,40,MOULT,2,exact,0,0,0,0,NA,0,12,86,0,0,0,2,34,166,2,300,0,0,0,0,0.08955223880597014,0.6417910447761194,0,0,0.2537313432835821,0.014925373134328358
MMA041,2018-07-29,2018,210,1150,P08,MMA,M,0,DULL,2,exact,0,2,0,3,NA,0,8,50,0,0,0,41,55,141,41,300,0,0.012578616352201259,0.018867924528301886,0,0.050314465408805034,0.31446540880503143,0,0,0.34591194968553457,0.2578616352201258
RGT021,2018-07-29,2018,210,NA,T03,RGT,M,0,DULL,1,exact,0,0,0,0,NA,0,4,75,0,0,5,0,40,176,5,300,0,0,0,0,0.03225806451612903,0.6048387096774194,0,0,0.3225806451612903,0.04032258064516129
MMA042,2018-07-31,2018,212,930,P02,MMA,M,25,MOULT,2,exact,0,0,0,0,NA,0,10,166,0,43,0,0,53,28,0,300,0,0,0,0,0.03676470588235294,0.6102941176470589,0,0.15808823529411764,0.1948529411764706,0
RGT022,2018-07-06,2018,187,NA,S03,RGT,M,100,BRIGHT,3,exact,0,0,NA,0,0,0,15,41,0,0,NA,0,120,124,0,300,0,0,0,0,0.08522727272727272,0.23295454545454544,0,0,0.6818181818181818,0
RGT023,2018-07-06,2018,187,NA,F05,RGT,M,100,BRIGHT,2,min,0,0,NA,0,0,0,2,101,0,0,NA,0,29,168,0,300,0,0,0,0,0.015151515151515152,0.7651515151515151,0,0,0.2196969696969697,0
RGT024,2018-07-06,2018,187,NA,H07,RGT,M,100,BRIGHT,4,exact,0,0,NA,5,0,0,7,120,0,0,NA,10,99,59,10,300,0,0,0.02074688796680498,0,0.029045643153526972,0.4979253112033195,0,0,0.4107883817427386,0.04149377593360996
RGT025,2018-07-07,2018,188,NA,K06,RGT,M,0,DULL,1,exact,0,0,NA,0,0,0,0,146,0,3,NA,0,0,151,0,300,0,0,0,0,0,0.9798657718120806,0,0.020134228187919462,0,0
RGT026,2018-07-11,2018,192,NA,T08,RGT,M,100,BRIGHT,6,exact,0,0,NA,0,0,0,14,131,0,0,NA,2,56,97,2,300,0,0,0,0,0.06896551724137931,0.645320197044335,0,0,0.27586206896551724,0.009852216748768473
RGT027,2018-07-13,2018,194,NA,X01,RGT,M,0,DULL,2,exact,21,0,NA,0,0,0,7,224,0,0,NA,4,30,14,4,300,0.07342657342657342,0,0,0,0.024475524475524476,0.7832167832167832,0,0,0.1048951048951049,0.013986013986013986
RGT028,2018-07-13,2018,194,NA,X01,RGT,M,0,DULL,2,exact,4,0,NA,0,0,0,3,205,0,0,NA,0,9,79,0,300,0.01809954751131222,0,0,0,0.013574660633484163,0.9276018099547512,0,0,0.04072398190045249,0
RGT029,2018-07-13,2018,194,NA,U09,RGT,M,100,BRIGHT,2,exact,0,35,NA,0,0,0,0,211,0,17,NA,0,0,37,0,300,0,0.13307984790874525,0,0,0,0.8022813688212928,0,0.06463878326996197,0,0
RGT030,2018-07-13,2018,194,NA,I01,RGT,M,0,DULL,2,exact,0,0,NA,0,0,0,16,161,0,0,NA,0,47,76,0,300,0,0,0,0,0.07142857142857142,0.71875,0,0,0.20982142857142858,0
RGT031,2018-07-13,2018,194,NA,I01,RGT,M,0,DULL,2,exact,0,0,NA,0,0,0,26,64,0,0,NA,2,136,72,2,300,0,0,0,0,0.11403508771929824,0.2807017543859649,0,0,0.5964912280701754,0.008771929824561403
RGT032,2018-07-17,2018,198,NA,I01,RGT,M,0,DULL,2,exact,0,0,NA,0,0,0,3,79,0,23,NA,0,166,29,0,300,0,0,0,0,0.01107011070110701,0.2915129151291513,0,0.08487084870848709,0.6125461254612546,0
RGT036,2018-07-22,2018,203,NA,F05,RGT,M,100,BRIGHT,2,min,0,0,NA,3,0,0,4,130,0,0,NA,4,10,149,4,300,0,0,0.019867549668874173,0,0.026490066225165563,0.8609271523178808,0,0,0.06622516556291391,0.026490066225165563
RGT037,2018-07-27,2018,208,NA,H06,RGT,M,100,BRIGHT,2,exact,0,0,NA,0,0,0,10,189,0,0,NA,0,28,73,0,300,0,0,0,0,0.04405286343612335,0.8325991189427313,0,0,0.12334801762114538,0
RGT038,2018-07-27,2018,208,NA,H06,RGT,M,100,BRIGHT,2,exact,0,53,NA,0,0,0,3,50,0,108,NA,0,9,77,0,300,0,0.23766816143497757,0,0,0.013452914798206279,0.2242152466367713,0,0.484304932735426,0.04035874439461883,0
RGT039,2018-07-27,2018,208,NA,M01,RGT,M,100,BRIGHT,2,exact,0,0,NA,4,0,0,1,137,0,0,NA,29,0,129,29,300,0,0,0.023391812865497075,0,0.005847953216374269,0.8011695906432749,0,0,0,0.1695906432748538
RGT040,2018-07-29,2018,210,NA,T03,RGT,M,0,DULL,1,exact,5,0,NA,0,0,0,4,75,0,0,NA,0,40,176,0,300,0.04032258064516129,0,0,0,0.03225806451612903,0.6048387096774194,0,0,0.3225806451612903,0
RGT041,2018-07-08,2018,189,NA,E04,RGT,M,100,BRIGHT,4,exact,0,0,NA,0,0,0,12,20,0,0,NA,0,174,94,0,300,0,0,0,0,0.05825242718446602,0.0970873786407767,0,0,0.8446601941747572,0
RGT042,2018-07-10,2018,191,NA,T09,RGT,M,0,DULL,1,min,0,0,NA,0,4,0,0,206,0,0,NA,0,33,57,4,300,0,0,0,0,0,0.8477366255144033,0,0,0.13580246913580246,0.01646090534979424
RGT043,2018-07-14,2018,195,NA,K08,RGT,M,0,DULL,1,exact,0,0,NA,0,0,0,3,120,0,3,NA,3,15,156,3,300,0,0,0,0,0.020833333333333332,0.8333333333333334,0,0.020833333333333332,0.10416666666666667,0.020833333333333332
RGT044,2018-07-17,2018,198,NA,P06,RGT,M,100,BRIGHT,3,exact,0,0,NA,0,0,0,5,209,0,0,NA,7,31,48,7,300,0,0,0,0,0.01984126984126984,0.8293650793650794,0,0,0.12301587301587301,0.027777777777777776
RGT045,2018-07-18,2018,199,NA,A06,RGT,M,100,BRIGHT,2,min,0,0,NA,0,10,0,11,63,0,0,NA,3,88,125,13,300,0,0,0,0,0.06285714285714286,0.36,0,0,0.5028571428571429,0.07428571428571429
RGT047,2018-07-21,2018,202,NA,A02,RGT,M,100,BRIGHT,4,exact,0,0,NA,0,0,0,8,135,0,4,NA,0,25,128,0,300,0,0,0,0,0.046511627906976744,0.7848837209302325,0,0.023255813953488372,0.14534883720930233,0
RGT048,2018-07-23,2018,204,NA,X01,RGT,M,0,DULL,2,exact,0,0,NA,0,0,0,0,201,0,0,NA,0,26,73,0,300,0,0,0,0,0,0.8854625550660793,0,0,0.1145374449339207,0
RGT049,2018-07-28,2018,209,NA,F07,RGT,M,0,DULL,1,exact,0,0,NA,0,0,0,0,108,0,0,NA,3,15,174,3,300,0,0,0,0,0,0.8571428571428571,0,0,0.11904761904761904,0.023809523809523808
RGT050,2018-07-28,2018,209,NA,Y09,RGT,M,100,BRIGHT,3,min,0,0,NA,0,0,0,31,98,0,25,NA,18,128,0,18,300,0,0,0,0,0.10333333333333333,0.32666666666666666,0,0.08333333333333333,0.4266666666666667,0.06
RGT051,2018-07-30,2018,211,1110,T03,RGT,M,0,DULL,1,exact,0,0,NA,0,0,0,5,137,0,0,NA,0,15,143,0,300,0,0,0,0,0.03184713375796178,0.8726114649681529,0,0,0.09554140127388536,0
RGT052,2018-07-28,2018,209,NA,A07,RGT,M,100,BRIGHT,7,min,0,0,NA,18,28,0,11,13,0,0,NA,40,95,95,68,300,0,0,0.08780487804878048,0,0.05365853658536585,0.06341463414634146,0,0,0.4634146341463415,0.33170731707317075
